scenario_id,run_kind,period_id,scope,group,metric,n,p10,p50,p90,unit
BASELINE_SPREAD,shoulder,shoulder,air_loop,air_loop_01,fan_electricity_kwh,1,232.72830122409772,232.72830122409772,232.72830122409772,kWh
BASELINE_SPREAD,shoulder,shoulder,air_loop,air_loop_01,outdoor_air_mass_flow_mean_kg_s,1,10.180559041795176,10.180559041795176,10.180559041795176,kg/s
BASELINE_SPREAD,shoulder,shoulder,air_loop,air_loop_01,outdoor_air_mass_flow_peak_kg_s,1,10.18055904179518,10.18055904179518,10.18055904179518,kg/s
BASELINE_SPREAD,shoulder,shoulder,air_loop,air_loop_01,total_cooling_interval_peak_kw,1,54.62858448259986,54.62858448259986,54.62858448259986,kW
BASELINE_SPREAD,shoulder,shoulder,air_loop,air_loop_01,total_cooling_kwh,1,349.0467304404433,349.0467304404433,349.0467304404433,kWh
BASELINE_SPREAD,shoulder,shoulder,air_loop,air_loop_01,total_heating_interval_peak_kw,1,91.73042027134449,91.73042027134449,91.73042027134449,kW
BASELINE_SPREAD,shoulder,shoulder,air_loop,air_loop_01,total_heating_kwh,1,845.6426680184995,845.6426680184995,845.6426680184995,kWh
BASELINE_SPREAD,shoulder,shoulder,air_loop,air_loop_02,fan_electricity_kwh,1,909.7021559306186,909.7021559306186,909.7021559306186,kWh
BASELINE_SPREAD,shoulder,shoulder,air_loop,air_loop_02,outdoor_air_mass_flow_mean_kg_s,1,80.13469141794566,80.13469141794566,80.13469141794566,kg/s
BASELINE_SPREAD,shoulder,shoulder,air_loop,air_loop_02,outdoor_air_mass_flow_peak_kg_s,1,89.06407761562006,89.06407761562006,89.06407761562006,kg/s
BASELINE_SPREAD,shoulder,shoulder,air_loop,air_loop_02,total_cooling_interval_peak_kw,1,851.3097706143107,851.3097706143107,851.3097706143107,kW
BASELINE_SPREAD,shoulder,shoulder,air_loop,air_loop_02,total_cooling_kwh,1,7568.542507392898,7568.542507392898,7568.542507392898,kWh
BASELINE_SPREAD,shoulder,shoulder,air_loop,air_loop_02,total_heating_interval_peak_kw,1,872.8218559976497,872.8218559976497,872.8218559976497,kW
BASELINE_SPREAD,shoulder,shoulder,air_loop,air_loop_02,total_heating_kwh,1,6704.8058767964685,6704.8058767964685,6704.8058767964685,kWh
BASELINE_SPREAD,shoulder,shoulder,air_loop,air_loop_03,fan_electricity_kwh,1,96.48726360342089,96.48726360342089,96.48726360342089,kWh
BASELINE_SPREAD,shoulder,shoulder,air_loop,air_loop_03,outdoor_air_mass_flow_mean_kg_s,1,4.2207770981407835,4.2207770981407835,4.2207770981407835,kg/s
BASELINE_SPREAD,shoulder,shoulder,air_loop,air_loop_03,outdoor_air_mass_flow_peak_kg_s,1,4.220777098140784,4.220777098140784,4.220777098140784,kg/s
BASELINE_SPREAD,shoulder,shoulder,air_loop,air_loop_03,total_cooling_interval_peak_kw,1,22.64870683010878,22.64870683010878,22.64870683010878,kW
BASELINE_SPREAD,shoulder,shoulder,air_loop,air_loop_03,total_cooling_kwh,1,144.7120976284766,144.7120976284766,144.7120976284766,kWh
BASELINE_SPREAD,shoulder,shoulder,air_loop,air_loop_03,total_heating_interval_peak_kw,1,38.01256002442431,38.01256002442431,38.01256002442431,kW
BASELINE_SPREAD,shoulder,shoulder,air_loop,air_loop_03,total_heating_kwh,1,357.9758195232815,357.9758195232815,357.9758195232815,kWh
BASELINE_SPREAD,shoulder,shoulder,air_loop,air_loop_04,fan_electricity_kwh,1,2101.774559802003,2101.774559802003,2101.774559802003,kWh
BASELINE_SPREAD,shoulder,shoulder,air_loop,air_loop_04,outdoor_air_mass_flow_mean_kg_s,1,182.58696169167152,182.58696169167152,182.58696169167152,kg/s
BASELINE_SPREAD,shoulder,shoulder,air_loop,air_loop_04,outdoor_air_mass_flow_peak_kg_s,1,208.68604288613903,208.68604288613903,208.68604288613903,kg/s
BASELINE_SPREAD,shoulder,shoulder,air_loop,air_loop_04,total_cooling_interval_peak_kw,1,1997.7970329634093,1997.7970329634093,1997.7970329634093,kW
BASELINE_SPREAD,shoulder,shoulder,air_loop,air_loop_04,total_cooling_kwh,1,17539.0354949486,17539.0354949486,17539.0354949486,kWh
BASELINE_SPREAD,shoulder,shoulder,air_loop,air_loop_04,total_heating_interval_peak_kw,1,2049.922324922552,2049.922324922552,2049.922324922552,kW
BASELINE_SPREAD,shoulder,shoulder,air_loop,air_loop_04,total_heating_kwh,1,15005.665882100278,15005.665882100278,15005.665882100278,kWh
BASELINE_SPREAD,shoulder,shoulder,air_loop,air_loop_05,fan_electricity_kwh,1,60.70153080708208,60.70153080708208,60.70153080708208,kWh
BASELINE_SPREAD,shoulder,shoulder,air_loop,air_loop_05,outdoor_air_mass_flow_mean_kg_s,1,2.655351820377831,2.655351820377831,2.655351820377831,kg/s
BASELINE_SPREAD,shoulder,shoulder,air_loop,air_loop_05,outdoor_air_mass_flow_peak_kg_s,1,2.655351820377832,2.655351820377832,2.655351820377832,kg/s
BASELINE_SPREAD,shoulder,shoulder,air_loop,air_loop_05,total_cooling_interval_peak_kw,1,14.248883020060607,14.248883020060607,14.248883020060607,kW
BASELINE_SPREAD,shoulder,shoulder,air_loop,air_loop_05,total_cooling_kwh,1,91.04076071799709,91.04076071799709,91.04076071799709,kWh
BASELINE_SPREAD,shoulder,shoulder,air_loop,air_loop_05,total_heating_interval_peak_kw,1,23.92843966708066,23.92843966708066,23.92843966708066,kW
BASELINE_SPREAD,shoulder,shoulder,air_loop,air_loop_05,total_heating_kwh,1,220.84327979259837,220.84327979259837,220.84327979259837,kWh
BASELINE_SPREAD,shoulder,shoulder,air_loop,air_loop_06,fan_electricity_kwh,1,505.3043993861625,505.3043993861625,505.3043993861625,kWh
BASELINE_SPREAD,shoulder,shoulder,air_loop,air_loop_06,outdoor_air_mass_flow_mean_kg_s,1,43.879847664688064,43.879847664688064,43.879847664688064,kg/s
BASELINE_SPREAD,shoulder,shoulder,air_loop,air_loop_06,outdoor_air_mass_flow_peak_kg_s,1,49.6088361315189,49.6088361315189,49.6088361315189,kg/s
BASELINE_SPREAD,shoulder,shoulder,air_loop,air_loop_06,total_cooling_interval_peak_kw,1,474.1328000645064,474.1328000645064,474.1328000645064,kW
BASELINE_SPREAD,shoulder,shoulder,air_loop,air_loop_06,total_cooling_kwh,1,4205.38822649528,4205.38822649528,4205.38822649528,kWh
BASELINE_SPREAD,shoulder,shoulder,air_loop,air_loop_06,total_heating_interval_peak_kw,1,475.3503489907073,475.3503489907073,475.3503489907073,kW
BASELINE_SPREAD,shoulder,shoulder,air_loop,air_loop_06,total_heating_kwh,1,3773.708813732168,3773.708813732168,3773.708813732168,kWh
BASELINE_SPREAD,shoulder,shoulder,air_loop,air_loop_07,fan_electricity_kwh,1,80.80054406710381,80.80054406710381,80.80054406710381,kWh
BASELINE_SPREAD,shoulder,shoulder,air_loop,air_loop_07,outdoor_air_mass_flow_mean_kg_s,1,3.5345710219069324,3.5345710219069324,3.5345710219069324,kg/s
BASELINE_SPREAD,shoulder,shoulder,air_loop,air_loop_07,outdoor_air_mass_flow_peak_kg_s,1,3.534571021906933,3.534571021906933,3.534571021906933,kg/s
BASELINE_SPREAD,shoulder,shoulder,air_loop,air_loop_07,total_cooling_interval_peak_kw,1,18.966522262925974,18.966522262925974,18.966522262925974,kW
BASELINE_SPREAD,shoulder,shoulder,air_loop,air_loop_07,total_cooling_kwh,1,121.18524943591076,121.18524943591076,121.18524943591076,kWh
BASELINE_SPREAD,shoulder,shoulder,air_loop,air_loop_07,total_heating_interval_peak_kw,1,31.903130628904506,31.903130628904506,31.903130628904506,kW
BASELINE_SPREAD,shoulder,shoulder,air_loop,air_loop_07,total_heating_kwh,1,296.50463234678455,296.50463234678455,296.50463234678455,kWh
BASELINE_SPREAD,shoulder,shoulder,air_loop,air_loop_08,fan_electricity_kwh,1,479.3047495957462,479.3047495957462,479.3047495957462,kWh
BASELINE_SPREAD,shoulder,shoulder,air_loop,air_loop_08,outdoor_air_mass_flow_mean_kg_s,1,41.633150225309286,41.633150225309286,41.633150225309286,kg/s
BASELINE_SPREAD,shoulder,shoulder,air_loop,air_loop_08,outdoor_air_mass_flow_peak_kg_s,1,47.014719470654704,47.014719470654704,47.014719470654704,kg/s
BASELINE_SPREAD,shoulder,shoulder,air_loop,air_loop_08,total_cooling_interval_peak_kw,1,449.3534816006614,449.3534816006614,449.3534816006614,kW
BASELINE_SPREAD,shoulder,shoulder,air_loop,air_loop_08,total_cooling_kwh,1,3988.366490721606,3988.366490721606,3988.366490721606,kWh
BASELINE_SPREAD,shoulder,shoulder,air_loop,air_loop_08,total_heating_interval_peak_kw,1,456.2395928905006,456.2395928905006,456.2395928905006,kW
BASELINE_SPREAD,shoulder,shoulder,air_loop,air_loop_08,total_heating_kwh,1,3622.3520388446327,3622.3520388446327,3622.3520388446327,kWh
BASELINE_SPREAD,shoulder,shoulder,air_loop,air_loop_09,fan_electricity_kwh,1,43.66125225689703,43.66125225689703,43.66125225689703,kWh
BASELINE_SPREAD,shoulder,shoulder,air_loop,air_loop_09,outdoor_air_mass_flow_mean_kg_s,1,1.9099351222094858,1.9099351222094858,1.9099351222094858,kg/s
BASELINE_SPREAD,shoulder,shoulder,air_loop,air_loop_09,outdoor_air_mass_flow_peak_kg_s,1,1.9099351222094862,1.9099351222094862,1.9099351222094862,kg/s
BASELINE_SPREAD,shoulder,shoulder,air_loop,air_loop_09,total_cooling_interval_peak_kw,1,10.248902443383917,10.248902443383917,10.248902443383917,kW
BASELINE_SPREAD,shoulder,shoulder,air_loop,air_loop_09,total_cooling_kwh,1,65.48272362277369,65.48272362277369,65.48272362277369,kWh
BASELINE_SPREAD,shoulder,shoulder,air_loop,air_loop_09,total_heating_interval_peak_kw,1,17.221425164979948,17.221425164979948,17.221425164979948,kW
BASELINE_SPREAD,shoulder,shoulder,air_loop,air_loop_09,total_heating_kwh,1,160.43351082313953,160.43351082313953,160.43351082313953,kWh
BASELINE_SPREAD,shoulder,shoulder,air_loop,air_loop_10,fan_electricity_kwh,1,396.2110607816203,396.2110607816203,396.2110607816203,kWh
BASELINE_SPREAD,shoulder,shoulder,air_loop,air_loop_10,outdoor_air_mass_flow_mean_kg_s,1,33.500977218652025,33.500977218652025,33.500977218652025,kg/s
BASELINE_SPREAD,shoulder,shoulder,air_loop,air_loop_10,outdoor_air_mass_flow_peak_kg_s,1,38.645947767813894,38.645947767813894,38.645947767813894,kg/s
BASELINE_SPREAD,shoulder,shoulder,air_loop,air_loop_10,total_cooling_interval_peak_kw,1,365.15051287297155,365.15051287297155,365.15051287297155,kW
BASELINE_SPREAD,shoulder,shoulder,air_loop,air_loop_10,total_cooling_kwh,1,3292.000385216833,3292.000385216833,3292.000385216833,kWh
BASELINE_SPREAD,shoulder,shoulder,air_loop,air_loop_10,total_heating_interval_peak_kw,1,431.09307155065454,431.09307155065454,431.09307155065454,kW
BASELINE_SPREAD,shoulder,shoulder,air_loop,air_loop_10,total_heating_kwh,1,3830.393685105517,3830.393685105517,3830.393685105517,kWh
BASELINE_SPREAD,shoulder,shoulder,air_loop,air_loop_11,fan_electricity_kwh,1,15.184620472048184,15.184620472048184,15.184620472048184,kWh
BASELINE_SPREAD,shoulder,shoulder,air_loop,air_loop_11,outdoor_air_mass_flow_mean_kg_s,1,0.6642420557785242,0.6642420557785242,0.6642420557785242,kg/s
BASELINE_SPREAD,shoulder,shoulder,air_loop,air_loop_11,outdoor_air_mass_flow_peak_kg_s,1,0.6642420557785244,0.6642420557785244,0.6642420557785244,kg/s
BASELINE_SPREAD,shoulder,shoulder,air_loop,air_loop_11,total_cooling_interval_peak_kw,1,3.5643896108292474,3.5643896108292474,3.5643896108292474,kW
BASELINE_SPREAD,shoulder,shoulder,air_loop,air_loop_11,total_cooling_kwh,1,22.772492126744915,22.772492126744915,22.772492126744915,kWh
BASELINE_SPREAD,shoulder,shoulder,air_loop,air_loop_11,total_heating_interval_peak_kw,1,5.909538035376149,5.909538035376149,5.909538035376149,kW
BASELINE_SPREAD,shoulder,shoulder,air_loop,air_loop_11,total_heating_kwh,1,54.296961221716394,54.296961221716394,54.296961221716394,kWh
BASELINE_SPREAD,shoulder,shoulder,air_loop,air_loop_12,fan_electricity_kwh,1,951.2588920296537,951.2588920296537,951.2588920296537,kWh
BASELINE_SPREAD,shoulder,shoulder,air_loop,air_loop_12,outdoor_air_mass_flow_mean_kg_s,1,80.02373556840794,80.02373556840794,80.02373556840794,kg/s
BASELINE_SPREAD,shoulder,shoulder,air_loop,air_loop_12,outdoor_air_mass_flow_peak_kg_s,1,112.85532533400334,112.85532533400334,112.85532533400334,kg/s
BASELINE_SPREAD,shoulder,shoulder,air_loop,air_loop_12,total_cooling_interval_peak_kw,1,915.907168034976,915.907168034976,915.907168034976,kW
BASELINE_SPREAD,shoulder,shoulder,air_loop,air_loop_12,total_cooling_kwh,1,7800.870510113215,7800.870510113215,7800.870510113215,kWh
BASELINE_SPREAD,shoulder,shoulder,air_loop,air_loop_12,total_heating_interval_peak_kw,1,744.8975969493092,744.8975969493092,744.8975969493092,kW
BASELINE_SPREAD,shoulder,shoulder,air_loop,air_loop_12,total_heating_kwh,1,6445.941482170604,6445.941482170604,6445.941482170604,kWh
BASELINE_SPREAD,shoulder,shoulder,air_loop,air_loop_13,fan_electricity_kwh,1,55.90735819812033,55.90735819812033,55.90735819812033,kWh
BASELINE_SPREAD,shoulder,shoulder,air_loop,air_loop_13,outdoor_air_mass_flow_mean_kg_s,1,2.44563363378266,2.44563363378266,2.44563363378266,kg/s
BASELINE_SPREAD,shoulder,shoulder,air_loop,air_loop_13,outdoor_air_mass_flow_peak_kg_s,1,2.445633633782661,2.445633633782661,2.445633633782661,kg/s
BASELINE_SPREAD,shoulder,shoulder,air_loop,air_loop_13,total_cooling_interval_peak_kw,1,13.12351426203888,13.12351426203888,13.12351426203888,kW
BASELINE_SPREAD,shoulder,shoulder,air_loop,air_loop_13,total_cooling_kwh,1,83.85031262558313,83.85031262558313,83.85031262558313,kWh
BASELINE_SPREAD,shoulder,shoulder,air_loop,air_loop_13,total_heating_interval_peak_kw,1,22.08239154010822,22.08239154010822,22.08239154010822,kW
BASELINE_SPREAD,shoulder,shoulder,air_loop,air_loop_13,total_heating_kwh,1,204.4617399158167,204.4617399158167,204.4617399158167,kWh
BASELINE_SPREAD,shoulder,shoulder,air_loop,air_loop_14,fan_electricity_kwh,1,558.5619450908789,558.5619450908789,558.5619450908789,kWh
BASELINE_SPREAD,shoulder,shoulder,air_loop,air_loop_14,outdoor_air_mass_flow_mean_kg_s,1,49.127506469014065,49.127506469014065,49.127506469014065,kg/s
BASELINE_SPREAD,shoulder,shoulder,air_loop,air_loop_14,outdoor_air_mass_flow_peak_kg_s,1,54.561138527427175,54.561138527427175,54.561138527427175,kg/s
BASELINE_SPREAD,shoulder,shoulder,air_loop,air_loop_14,total_cooling_interval_peak_kw,1,521.2769560913472,521.2769560913472,521.2769560913472,kW
BASELINE_SPREAD,shoulder,shoulder,air_loop,air_loop_14,total_cooling_kwh,1,4644.494376384501,4644.494376384501,4644.494376384501,kWh
BASELINE_SPREAD,shoulder,shoulder,air_loop,air_loop_14,total_heating_interval_peak_kw,1,540.1613873029961,540.1613873029961,540.1613873029961,kW
BASELINE_SPREAD,shoulder,shoulder,air_loop,air_loop_14,total_heating_kwh,1,3736.4872120317564,3736.4872120317564,3736.4872120317564,kWh
BASELINE_SPREAD,shoulder,shoulder,building,whole_building,cooling_unmet_occupied_hours,1,0.0,0.0,0.0,h
BASELINE_SPREAD,shoulder,shoulder,building,whole_building,district_cooling_kwh_boundary,1,52706.32817417706,52706.32817417706,52706.32817417706,kWh
BASELINE_SPREAD,shoulder,shoulder,building,whole_building,district_heating_kwh_boundary,1,38914.706895947136,38914.706895947136,38914.706895947136,kWh
BASELINE_SPREAD,shoulder,shoulder,building,whole_building,facility_electricity_kwh,1,110341.62521824628,110341.62521824628,110341.62521824628,kWh
BASELINE_SPREAD,shoulder,shoulder,building,whole_building,fan_electricity_kwh,1,7902.217241026644,7902.217241026644,7902.217241026644,kWh
BASELINE_SPREAD,shoulder,shoulder,building,whole_building,heating_unmet_occupied_hours,1,0.0,0.0,0.0,h
BASELINE_SPREAD,shoulder,shoulder,building,whole_building,peak_hvac_electric_kw,1,420.53918469567736,420.53918469567736,420.53918469567736,kW
BASELINE_SPREAD,shoulder,shoulder,building,whole_building,pump_electricity_kwh,1,501.76373766641467,501.76373766641467,501.76373766641467,kWh
DOUBLE_BANK,shoulder,shoulder,air_loop,air_loop_01,fan_electricity_kwh,1,232.72830122409772,232.72830122409772,232.72830122409772,kWh
DOUBLE_BANK,shoulder,shoulder,air_loop,air_loop_01,outdoor_air_mass_flow_mean_kg_s,1,10.180559041795176,10.180559041795176,10.180559041795176,kg/s
DOUBLE_BANK,shoulder,shoulder,air_loop,air_loop_01,outdoor_air_mass_flow_peak_kg_s,1,10.180559041795192,10.180559041795192,10.180559041795192,kg/s
DOUBLE_BANK,shoulder,shoulder,air_loop,air_loop_01,total_cooling_interval_peak_kw,1,54.628584482599926,54.628584482599926,54.628584482599926,kW
DOUBLE_BANK,shoulder,shoulder,air_loop,air_loop_01,total_cooling_kwh,1,349.0455251627901,349.0455251627901,349.0455251627901,kWh
DOUBLE_BANK,shoulder,shoulder,air_loop,air_loop_01,total_heating_interval_peak_kw,1,91.69613346728745,91.69613346728745,91.69613346728745,kW
DOUBLE_BANK,shoulder,shoulder,air_loop,air_loop_01,total_heating_kwh,1,842.3912711098028,842.3912711098028,842.3912711098028,kWh
DOUBLE_BANK,shoulder,shoulder,air_loop,air_loop_02,fan_electricity_kwh,1,938.1523976157423,938.1523976157423,938.1523976157423,kWh
DOUBLE_BANK,shoulder,shoulder,air_loop,air_loop_02,outdoor_air_mass_flow_mean_kg_s,1,82.33079947738399,82.33079947738399,82.33079947738399,kg/s
DOUBLE_BANK,shoulder,shoulder,air_loop,air_loop_02,outdoor_air_mass_flow_peak_kg_s,1,91.80837061011786,91.80837061011786,91.80837061011786,kg/s
DOUBLE_BANK,shoulder,shoulder,air_loop,air_loop_02,total_cooling_interval_peak_kw,1,877.4850316723957,877.4850316723957,877.4850316723957,kW
DOUBLE_BANK,shoulder,shoulder,air_loop,air_loop_02,total_cooling_kwh,1,7804.61348503884,7804.61348503884,7804.61348503884,kWh
DOUBLE_BANK,shoulder,shoulder,air_loop,air_loop_02,total_heating_interval_peak_kw,1,893.8093706917779,893.8093706917779,893.8093706917779,kW
DOUBLE_BANK,shoulder,shoulder,air_loop,air_loop_02,total_heating_kwh,1,6950.776217531534,6950.776217531534,6950.776217531534,kWh
DOUBLE_BANK,shoulder,shoulder,air_loop,air_loop_03,fan_electricity_kwh,1,96.48726360342089,96.48726360342089,96.48726360342089,kWh
DOUBLE_BANK,shoulder,shoulder,air_loop,air_loop_03,outdoor_air_mass_flow_mean_kg_s,1,4.2207770981407835,4.2207770981407835,4.2207770981407835,kg/s
DOUBLE_BANK,shoulder,shoulder,air_loop,air_loop_03,outdoor_air_mass_flow_peak_kg_s,1,4.22077709814079,4.22077709814079,4.22077709814079,kg/s
DOUBLE_BANK,shoulder,shoulder,air_loop,air_loop_03,total_cooling_interval_peak_kw,1,22.648706830108775,22.648706830108775,22.648706830108775,kW
DOUBLE_BANK,shoulder,shoulder,air_loop,air_loop_03,total_cooling_kwh,1,144.71159809709343,144.71159809709343,144.71159809709343,kWh
DOUBLE_BANK,shoulder,shoulder,air_loop,air_loop_03,total_heating_interval_peak_kw,1,37.99737554606365,37.99737554606365,37.99737554606365,kW
DOUBLE_BANK,shoulder,shoulder,air_loop,air_loop_03,total_heating_kwh,1,356.3325733445155,356.3325733445155,356.3325733445155,kWh
DOUBLE_BANK,shoulder,shoulder,air_loop,air_loop_04,fan_electricity_kwh,1,2118.430534567365,2118.430534567365,2118.430534567365,kWh
DOUBLE_BANK,shoulder,shoulder,air_loop,air_loop_04,outdoor_air_mass_flow_mean_kg_s,1,183.90947376526765,183.90947376526765,183.90947376526765,kg/s
DOUBLE_BANK,shoulder,shoulder,air_loop,air_loop_04,outdoor_air_mass_flow_peak_kg_s,1,210.06192445752055,210.06192445752055,210.06192445752055,kg/s
DOUBLE_BANK,shoulder,shoulder,air_loop,air_loop_04,total_cooling_interval_peak_kw,1,2010.6006435130453,2010.6006435130453,2010.6006435130453,kW
DOUBLE_BANK,shoulder,shoulder,air_loop,air_loop_04,total_cooling_kwh,1,17674.190922406466,17674.190922406466,17674.190922406466,kWh
DOUBLE_BANK,shoulder,shoulder,air_loop,air_loop_04,total_heating_interval_peak_kw,1,2073.707833262641,2073.707833262641,2073.707833262641,kW
DOUBLE_BANK,shoulder,shoulder,air_loop,air_loop_04,total_heating_kwh,1,15089.935292868846,15089.935292868846,15089.935292868846,kWh
DOUBLE_BANK,shoulder,shoulder,air_loop,air_loop_05,fan_electricity_kwh,1,60.70153080708208,60.70153080708208,60.70153080708208,kWh
DOUBLE_BANK,shoulder,shoulder,air_loop,air_loop_05,outdoor_air_mass_flow_mean_kg_s,1,2.655351820377831,2.655351820377831,2.655351820377831,kg/s
DOUBLE_BANK,shoulder,shoulder,air_loop,air_loop_05,outdoor_air_mass_flow_peak_kg_s,1,2.6553518203778355,2.6553518203778355,2.6553518203778355,kg/s
DOUBLE_BANK,shoulder,shoulder,air_loop,air_loop_05,total_cooling_interval_peak_kw,1,14.248883037337082,14.248883037337082,14.248883037337082,kW
DOUBLE_BANK,shoulder,shoulder,air_loop,air_loop_05,total_cooling_kwh,1,91.04039059847108,91.04039059847108,91.04039059847108,kWh
DOUBLE_BANK,shoulder,shoulder,air_loop,air_loop_05,total_heating_interval_peak_kw,1,23.91948910880635,23.91948910880635,23.91948910880635,kW
DOUBLE_BANK,shoulder,shoulder,air_loop,air_loop_05,total_heating_kwh,1,219.96360789811646,219.96360789811646,219.96360789811646,kWh
DOUBLE_BANK,shoulder,shoulder,air_loop,air_loop_06,fan_electricity_kwh,1,536.8760925338215,536.8760925338215,536.8760925338215,kWh
DOUBLE_BANK,shoulder,shoulder,air_loop,air_loop_06,outdoor_air_mass_flow_mean_kg_s,1,46.654857521848136,46.654857521848136,46.654857521848136,kg/s
DOUBLE_BANK,shoulder,shoulder,air_loop,air_loop_06,outdoor_air_mass_flow_peak_kg_s,1,52.638988690802115,52.638988690802115,52.638988690802115,kg/s
DOUBLE_BANK,shoulder,shoulder,air_loop,air_loop_06,total_cooling_interval_peak_kw,1,502.896493451699,502.896493451699,502.896493451699,kW
DOUBLE_BANK,shoulder,shoulder,air_loop,air_loop_06,total_cooling_kwh,1,4467.113483059267,4467.113483059267,4467.113483059267,kWh
DOUBLE_BANK,shoulder,shoulder,air_loop,air_loop_06,total_heating_interval_peak_kw,1,513.325500971585,513.325500971585,513.325500971585,kW
DOUBLE_BANK,shoulder,shoulder,air_loop,air_loop_06,total_heating_kwh,1,4143.478337633128,4143.478337633128,4143.478337633128,kWh
DOUBLE_BANK,shoulder,shoulder,air_loop,air_loop_07,fan_electricity_kwh,1,80.80054406710381,80.80054406710381,80.80054406710381,kWh
DOUBLE_BANK,shoulder,shoulder,air_loop,air_loop_07,outdoor_air_mass_flow_mean_kg_s,1,3.5345710219069324,3.5345710219069324,3.5345710219069324,kg/s
DOUBLE_BANK,shoulder,shoulder,air_loop,air_loop_07,outdoor_air_mass_flow_peak_kg_s,1,3.534571021906937,3.534571021906937,3.534571021906937,kg/s
DOUBLE_BANK,shoulder,shoulder,air_loop,air_loop_07,total_cooling_interval_peak_kw,1,18.966522262642155,18.966522262642155,18.966522262642155,kW
DOUBLE_BANK,shoulder,shoulder,air_loop,air_loop_07,total_cooling_kwh,1,121.1847570456282,121.1847570456282,121.1847570456282,kWh
DOUBLE_BANK,shoulder,shoulder,air_loop,air_loop_07,total_heating_interval_peak_kw,1,31.857990347820387,31.857990347820387,31.857990347820387,kW
DOUBLE_BANK,shoulder,shoulder,air_loop,air_loop_07,total_heating_kwh,1,295.0919711192563,295.0919711192563,295.0919711192563,kWh
DOUBLE_BANK,shoulder,shoulder,air_loop,air_loop_08,fan_electricity_kwh,1,500.205929633679,500.205929633679,500.205929633679,kWh
DOUBLE_BANK,shoulder,shoulder,air_loop,air_loop_08,outdoor_air_mass_flow_mean_kg_s,1,43.46854707719674,43.46854707719674,43.46854707719674,kg/s
DOUBLE_BANK,shoulder,shoulder,air_loop,air_loop_08,outdoor_air_mass_flow_peak_kg_s,1,49.02309999769742,49.02309999769742,49.02309999769742,kg/s
DOUBLE_BANK,shoulder,shoulder,air_loop,air_loop_08,total_cooling_interval_peak_kw,1,468.45321090201696,468.45321090201696,468.45321090201696,kW
DOUBLE_BANK,shoulder,shoulder,air_loop,air_loop_08,total_cooling_kwh,1,4161.655587114301,4161.655587114301,4161.655587114301,kWh
DOUBLE_BANK,shoulder,shoulder,air_loop,air_loop_08,total_heating_interval_peak_kw,1,480.78032731708527,480.78032731708527,480.78032731708527,kW
DOUBLE_BANK,shoulder,shoulder,air_loop,air_loop_08,total_heating_kwh,1,3845.639840967089,3845.639840967089,3845.639840967089,kWh
DOUBLE_BANK,shoulder,shoulder,air_loop,air_loop_09,fan_electricity_kwh,1,43.66125225689703,43.66125225689703,43.66125225689703,kWh
DOUBLE_BANK,shoulder,shoulder,air_loop,air_loop_09,outdoor_air_mass_flow_mean_kg_s,1,1.9099351222094858,1.9099351222094858,1.9099351222094858,kg/s
DOUBLE_BANK,shoulder,shoulder,air_loop,air_loop_09,outdoor_air_mass_flow_peak_kg_s,1,1.9099351222094882,1.9099351222094882,1.9099351222094882,kg/s
DOUBLE_BANK,shoulder,shoulder,air_loop,air_loop_09,total_cooling_interval_peak_kw,1,10.248902552727216,10.248902552727216,10.248902552727216,kW
DOUBLE_BANK,shoulder,shoulder,air_loop,air_loop_09,total_cooling_kwh,1,65.48261486590981,65.48261486590981,65.48261486590981,kWh
DOUBLE_BANK,shoulder,shoulder,air_loop,air_loop_09,total_heating_interval_peak_kw,1,17.21566282694397,17.21566282694397,17.21566282694397,kW
DOUBLE_BANK,shoulder,shoulder,air_loop,air_loop_09,total_heating_kwh,1,159.7519520819953,159.7519520819953,159.7519520819953,kWh
DOUBLE_BANK,shoulder,shoulder,air_loop,air_loop_10,fan_electricity_kwh,1,397.8754969614248,397.8754969614248,397.8754969614248,kWh
DOUBLE_BANK,shoulder,shoulder,air_loop,air_loop_10,outdoor_air_mass_flow_mean_kg_s,1,32.66833177633126,32.66833177633126,32.66833177633126,kg/s
DOUBLE_BANK,shoulder,shoulder,air_loop,air_loop_10,outdoor_air_mass_flow_peak_kg_s,1,38.808294860145715,38.808294860145715,38.808294860145715,kg/s
DOUBLE_BANK,shoulder,shoulder,air_loop,air_loop_10,total_cooling_interval_peak_kw,1,361.3696019749109,361.3696019749109,361.3696019749109,kW
DOUBLE_BANK,shoulder,shoulder,air_loop,air_loop_10,total_cooling_kwh,1,3298.826700234233,3298.826700234233,3298.826700234233,kWh
DOUBLE_BANK,shoulder,shoulder,air_loop,air_loop_10,total_heating_interval_peak_kw,1,435.53056940983964,435.53056940983964,435.53056940983964,kW
DOUBLE_BANK,shoulder,shoulder,air_loop,air_loop_10,total_heating_kwh,1,3832.8374263751434,3832.8374263751434,3832.8374263751434,kWh
DOUBLE_BANK,shoulder,shoulder,air_loop,air_loop_11,fan_electricity_kwh,1,15.184620472048184,15.184620472048184,15.184620472048184,kWh
DOUBLE_BANK,shoulder,shoulder,air_loop,air_loop_11,outdoor_air_mass_flow_mean_kg_s,1,0.6642420557785242,0.6642420557785242,0.6642420557785242,kg/s
DOUBLE_BANK,shoulder,shoulder,air_loop,air_loop_11,outdoor_air_mass_flow_peak_kg_s,1,0.6642420557785252,0.6642420557785252,0.6642420557785252,kg/s
DOUBLE_BANK,shoulder,shoulder,air_loop,air_loop_11,total_cooling_interval_peak_kw,1,3.564389611660257,3.564389611660257,3.564389611660257,kW
DOUBLE_BANK,shoulder,shoulder,air_loop,air_loop_11,total_cooling_kwh,1,22.77239012945693,22.77239012945693,22.77239012945693,kWh
DOUBLE_BANK,shoulder,shoulder,air_loop,air_loop_11,total_heating_interval_peak_kw,1,5.904595130916279,5.904595130916279,5.904595130916279,kW
DOUBLE_BANK,shoulder,shoulder,air_loop,air_loop_11,total_heating_kwh,1,54.10357547121528,54.10357547121528,54.10357547121528,kWh
DOUBLE_BANK,shoulder,shoulder,air_loop,air_loop_12,fan_electricity_kwh,1,981.4830176153657,981.4830176153657,981.4830176153657,kWh
DOUBLE_BANK,shoulder,shoulder,air_loop,air_loop_12,outdoor_air_mass_flow_mean_kg_s,1,82.88068497750119,82.88068497750119,82.88068497750119,kg/s
DOUBLE_BANK,shoulder,shoulder,air_loop,air_loop_12,outdoor_air_mass_flow_peak_kg_s,1,115.2812195010834,115.2812195010834,115.2812195010834,kg/s
DOUBLE_BANK,shoulder,shoulder,air_loop,air_loop_12,total_cooling_interval_peak_kw,1,937.2145981001496,937.2145981001496,937.2145981001496,kW
DOUBLE_BANK,shoulder,shoulder,air_loop,air_loop_12,total_cooling_kwh,1,8057.692064984749,8057.692064984749,8057.692064984749,kWh
DOUBLE_BANK,shoulder,shoulder,air_loop,air_loop_12,total_heating_interval_peak_kw,1,774.5817894521218,774.5817894521218,774.5817894521218,kW
DOUBLE_BANK,shoulder,shoulder,air_loop,air_loop_12,total_heating_kwh,1,6911.197073208166,6911.197073208166,6911.197073208166,kWh
DOUBLE_BANK,shoulder,shoulder,air_loop,air_loop_13,fan_electricity_kwh,1,55.90735819812033,55.90735819812033,55.90735819812033,kWh
DOUBLE_BANK,shoulder,shoulder,air_loop,air_loop_13,outdoor_air_mass_flow_mean_kg_s,1,2.44563363378266,2.44563363378266,2.44563363378266,kg/s
DOUBLE_BANK,shoulder,shoulder,air_loop,air_loop_13,outdoor_air_mass_flow_peak_kg_s,1,2.4456336337826636,2.4456336337826636,2.4456336337826636,kg/s
DOUBLE_BANK,shoulder,shoulder,air_loop,air_loop_13,total_cooling_interval_peak_kw,1,13.12351426991422,13.12351426991422,13.12351426991422,kW
DOUBLE_BANK,shoulder,shoulder,air_loop,air_loop_13,total_cooling_kwh,1,83.84997163860734,83.84997163860734,83.84997163860734,kWh
DOUBLE_BANK,shoulder,shoulder,air_loop,air_loop_13,total_heating_interval_peak_kw,1,22.07685521440076,22.07685521440076,22.07685521440076,kW
DOUBLE_BANK,shoulder,shoulder,air_loop,air_loop_13,total_heating_kwh,1,203.67815009361485,203.67815009361485,203.67815009361485,kWh
DOUBLE_BANK,shoulder,shoulder,air_loop,air_loop_14,fan_electricity_kwh,1,583.119780303619,583.119780303619,583.119780303619,kWh
DOUBLE_BANK,shoulder,shoulder,air_loop,air_loop_14,outdoor_air_mass_flow_mean_kg_s,1,51.081819880170286,51.081819880170286,51.081819880170286,kg/s
DOUBLE_BANK,shoulder,shoulder,air_loop,air_loop_14,outdoor_air_mass_flow_peak_kg_s,1,56.94228033523149,56.94228033523149,56.94228033523149,kg/s
DOUBLE_BANK,shoulder,shoulder,air_loop,air_loop_14,total_cooling_interval_peak_kw,1,543.9152580214359,543.9152580214359,543.9152580214359,kW
DOUBLE_BANK,shoulder,shoulder,air_loop,air_loop_14,total_cooling_kwh,1,4848.411799944537,4848.411799944537,4848.411799944537,kWh
DOUBLE_BANK,shoulder,shoulder,air_loop,air_loop_14,total_heating_interval_peak_kw,1,556.913635313234,556.913635313234,556.913635313234,kW
DOUBLE_BANK,shoulder,shoulder,air_loop,air_loop_14,total_heating_kwh,1,4031.1306340358415,4031.1306340358415,4031.1306340358415,kWh
DOUBLE_BANK,shoulder,shoulder,building,whole_building,cooling_unmet_occupied_hours,1,0.0,0.0,0.0,h
DOUBLE_BANK,shoulder,shoulder,building,whole_building,district_cooling_kwh_boundary,1,53954.69931454915,53954.69931454915,53954.69931454915,kWh
DOUBLE_BANK,shoulder,shoulder,building,whole_building,district_heating_kwh_boundary,1,40448.414301325174,40448.414301325174,40448.414301325174,kWh
DOUBLE_BANK,shoulder,shoulder,building,whole_building,facility_electricity_kwh,1,110506.5217359304,110506.5217359304,110506.5217359304,kWh
DOUBLE_BANK,shoulder,shoulder,building,whole_building,fan_electricity_kwh,1,8055.820237330852,8055.820237330852,8055.820237330852,kWh
DOUBLE_BANK,shoulder,shoulder,building,whole_building,heating_unmet_occupied_hours,1,0.0,0.0,0.0,h
DOUBLE_BANK,shoulder,shoulder,building,whole_building,peak_hvac_electric_kw,1,425.89403291612433,425.89403291612433,425.89403291612433,kW
DOUBLE_BANK,shoulder,shoulder,building,whole_building,pump_electricity_kwh,1,513.0572590463466,513.0572590463466,513.0572590463466,kWh
EVENING_BANK,shoulder,shoulder,air_loop,air_loop_01,fan_electricity_kwh,1,232.72830122409772,232.72830122409772,232.72830122409772,kWh
EVENING_BANK,shoulder,shoulder,air_loop,air_loop_01,outdoor_air_mass_flow_mean_kg_s,1,10.180559041795176,10.180559041795176,10.180559041795176,kg/s
EVENING_BANK,shoulder,shoulder,air_loop,air_loop_01,outdoor_air_mass_flow_peak_kg_s,1,10.18055904179518,10.18055904179518,10.18055904179518,kg/s
EVENING_BANK,shoulder,shoulder,air_loop,air_loop_01,total_cooling_interval_peak_kw,1,54.628584482600075,54.628584482600075,54.628584482600075,kW
EVENING_BANK,shoulder,shoulder,air_loop,air_loop_01,total_cooling_kwh,1,349.04653494024296,349.04653494024296,349.04653494024296,kWh
EVENING_BANK,shoulder,shoulder,air_loop,air_loop_01,total_heating_interval_peak_kw,1,91.72710748611651,91.72710748611651,91.72710748611651,kW
EVENING_BANK,shoulder,shoulder,air_loop,air_loop_01,total_heating_kwh,1,846.5385211965963,846.5385211965963,846.5385211965963,kWh
EVENING_BANK,shoulder,shoulder,air_loop,air_loop_02,fan_electricity_kwh,1,1005.8490245406456,1005.8490245406456,1005.8490245406456,kWh
EVENING_BANK,shoulder,shoulder,air_loop,air_loop_02,outdoor_air_mass_flow_mean_kg_s,1,87.62958089900805,87.62958089900805,87.62958089900805,kg/s
EVENING_BANK,shoulder,shoulder,air_loop,air_loop_02,outdoor_air_mass_flow_peak_kg_s,1,98.3978404333479,98.3978404333479,98.3978404333479,kg/s
EVENING_BANK,shoulder,shoulder,air_loop,air_loop_02,total_cooling_interval_peak_kw,1,940.3045659384836,940.3045659384836,940.3045659384836,kW
EVENING_BANK,shoulder,shoulder,air_loop,air_loop_02,total_cooling_kwh,1,8366.946690860614,8366.946690860614,8366.946690860614,kWh
EVENING_BANK,shoulder,shoulder,air_loop,air_loop_02,total_heating_interval_peak_kw,1,892.7597264346333,892.7597264346333,892.7597264346333,kW
EVENING_BANK,shoulder,shoulder,air_loop,air_loop_02,total_heating_kwh,1,7800.057390026287,7800.057390026287,7800.057390026287,kWh
EVENING_BANK,shoulder,shoulder,air_loop,air_loop_03,fan_electricity_kwh,1,96.48726360342089,96.48726360342089,96.48726360342089,kWh
EVENING_BANK,shoulder,shoulder,air_loop,air_loop_03,outdoor_air_mass_flow_mean_kg_s,1,4.2207770981407835,4.2207770981407835,4.2207770981407835,kg/s
EVENING_BANK,shoulder,shoulder,air_loop,air_loop_03,outdoor_air_mass_flow_peak_kg_s,1,4.220777098140784,4.220777098140784,4.220777098140784,kg/s
EVENING_BANK,shoulder,shoulder,air_loop,air_loop_03,total_cooling_interval_peak_kw,1,22.64870683010878,22.64870683010878,22.64870683010878,kW
EVENING_BANK,shoulder,shoulder,air_loop,air_loop_03,total_cooling_kwh,1,144.71201670567882,144.71201670567882,144.71201670567882,kWh
EVENING_BANK,shoulder,shoulder,air_loop,air_loop_03,total_heating_interval_peak_kw,1,38.011475483737165,38.011475483737165,38.011475483737165,kW
EVENING_BANK,shoulder,shoulder,air_loop,air_loop_03,total_heating_kwh,1,358.50398034021543,358.50398034021543,358.50398034021543,kWh
EVENING_BANK,shoulder,shoulder,air_loop,air_loop_04,fan_electricity_kwh,1,2172.918626547557,2172.918626547557,2172.918626547557,kWh
EVENING_BANK,shoulder,shoulder,air_loop,air_loop_04,outdoor_air_mass_flow_mean_kg_s,1,188.19561482426238,188.19561482426238,188.19561482426238,kg/s
EVENING_BANK,shoulder,shoulder,air_loop,air_loop_04,outdoor_air_mass_flow_peak_kg_s,1,215.24172681357456,215.24172681357456,215.24172681357456,kg/s
EVENING_BANK,shoulder,shoulder,air_loop,air_loop_04,total_cooling_interval_peak_kw,1,2059.583563542451,2059.583563542451,2059.583563542451,kW
EVENING_BANK,shoulder,shoulder,air_loop,air_loop_04,total_cooling_kwh,1,18124.67667847653,18124.67667847653,18124.67667847653,kWh
EVENING_BANK,shoulder,shoulder,air_loop,air_loop_04,total_heating_interval_peak_kw,1,2071.7958767103337,2071.7958767103337,2071.7958767103337,kW
EVENING_BANK,shoulder,shoulder,air_loop,air_loop_04,total_heating_kwh,1,16045.377891945715,16045.377891945715,16045.377891945715,kWh
EVENING_BANK,shoulder,shoulder,air_loop,air_loop_05,fan_electricity_kwh,1,60.70153080708208,60.70153080708208,60.70153080708208,kWh
EVENING_BANK,shoulder,shoulder,air_loop,air_loop_05,outdoor_air_mass_flow_mean_kg_s,1,2.655351820377831,2.655351820377831,2.655351820377831,kg/s
EVENING_BANK,shoulder,shoulder,air_loop,air_loop_05,outdoor_air_mass_flow_peak_kg_s,1,2.655351820377832,2.655351820377832,2.655351820377832,kg/s
EVENING_BANK,shoulder,shoulder,air_loop,air_loop_05,total_cooling_interval_peak_kw,1,14.248883070525945,14.248883070525945,14.248883070525945,kW
EVENING_BANK,shoulder,shoulder,air_loop,air_loop_05,total_cooling_kwh,1,91.04065428740707,91.04065428740707,91.04065428740707,kWh
EVENING_BANK,shoulder,shoulder,air_loop,air_loop_05,total_heating_interval_peak_kw,1,23.92757798501286,23.92757798501286,23.92757798501286,kW
EVENING_BANK,shoulder,shoulder,air_loop,air_loop_05,total_heating_kwh,1,221.08704429684943,221.08704429684943,221.08704429684943,kWh
EVENING_BANK,shoulder,shoulder,air_loop,air_loop_06,fan_electricity_kwh,1,601.7724078565127,601.7724078565127,601.7724078565127,kWh
EVENING_BANK,shoulder,shoulder,air_loop,air_loop_06,outdoor_air_mass_flow_mean_kg_s,1,50.66156821302511,50.66156821302511,50.66156821302511,kg/s
EVENING_BANK,shoulder,shoulder,air_loop,air_loop_06,outdoor_air_mass_flow_peak_kg_s,1,59.184480457606625,59.184480457606625,59.184480457606625,kg/s
EVENING_BANK,shoulder,shoulder,air_loop,air_loop_06,total_cooling_interval_peak_kw,1,561.5591135933036,561.5591135933036,561.5591135933036,kW
EVENING_BANK,shoulder,shoulder,air_loop,air_loop_06,total_cooling_kwh,1,4993.684366310085,4993.684366310085,4993.684366310085,kWh
EVENING_BANK,shoulder,shoulder,air_loop,air_loop_06,total_heating_interval_peak_kw,1,560.2896818872015,560.2896818872015,560.2896818872015,kW
EVENING_BANK,shoulder,shoulder,air_loop,air_loop_06,total_heating_kwh,1,5224.436705933418,5224.436705933418,5224.436705933418,kWh
EVENING_BANK,shoulder,shoulder,air_loop,air_loop_07,fan_electricity_kwh,1,80.80054406710381,80.80054406710381,80.80054406710381,kWh
EVENING_BANK,shoulder,shoulder,air_loop,air_loop_07,outdoor_air_mass_flow_mean_kg_s,1,3.5345710219069315,3.5345710219069315,3.5345710219069315,kg/s
EVENING_BANK,shoulder,shoulder,air_loop,air_loop_07,outdoor_air_mass_flow_peak_kg_s,1,3.534571021906933,3.534571021906933,3.534571021906933,kg/s
EVENING_BANK,shoulder,shoulder,air_loop,air_loop_07,total_cooling_interval_peak_kw,1,18.96652225263258,18.96652225263258,18.96652225263258,kW
EVENING_BANK,shoulder,shoulder,air_loop,air_loop_07,total_cooling_kwh,1,121.18502186254122,121.18502186254122,121.18502186254122,kWh
EVENING_BANK,shoulder,shoulder,air_loop,air_loop_07,total_heating_interval_peak_kw,1,31.869390778467693,31.869390778467693,31.869390778467693,kW
EVENING_BANK,shoulder,shoulder,air_loop,air_loop_07,total_heating_kwh,1,296.65432335676076,296.65432335676076,296.65432335676076,kWh
EVENING_BANK,shoulder,shoulder,air_loop,air_loop_08,fan_electricity_kwh,1,549.0913147631238,549.0913147631238,549.0913147631238,kWh
EVENING_BANK,shoulder,shoulder,air_loop,air_loop_08,outdoor_air_mass_flow_mean_kg_s,1,46.25981901246417,46.25981901246417,46.25981901246417,kg/s
EVENING_BANK,shoulder,shoulder,air_loop,air_loop_08,outdoor_air_mass_flow_peak_kg_s,1,53.777714938135496,53.777714938135496,53.777714938135496,kg/s
EVENING_BANK,shoulder,shoulder,air_loop,air_loop_08,total_cooling_interval_peak_kw,1,512.556865834451,512.556865834451,512.556865834451,kW
EVENING_BANK,shoulder,shoulder,air_loop,air_loop_08,total_cooling_kwh,1,4558.46204332936,4558.46204332936,4558.46204332936,kWh
EVENING_BANK,shoulder,shoulder,air_loop,air_loop_08,total_heating_interval_peak_kw,1,516.3922758251886,516.3922758251886,516.3922758251886,kW
EVENING_BANK,shoulder,shoulder,air_loop,air_loop_08,total_heating_kwh,1,4682.351497508536,4682.351497508536,4682.351497508536,kWh
EVENING_BANK,shoulder,shoulder,air_loop,air_loop_09,fan_electricity_kwh,1,43.661252256897036,43.661252256897036,43.661252256897036,kWh
EVENING_BANK,shoulder,shoulder,air_loop,air_loop_09,outdoor_air_mass_flow_mean_kg_s,1,1.9099351222094858,1.9099351222094858,1.9099351222094858,kg/s
EVENING_BANK,shoulder,shoulder,air_loop,air_loop_09,outdoor_air_mass_flow_peak_kg_s,1,1.9099351222094862,1.9099351222094862,1.9099351222094862,kg/s
EVENING_BANK,shoulder,shoulder,air_loop,air_loop_09,total_cooling_interval_peak_kw,1,10.248902570415243,10.248902570415243,10.248902570415243,kW
EVENING_BANK,shoulder,shoulder,air_loop,air_loop_09,total_cooling_kwh,1,65.48272439407614,65.48272439407614,65.48272439407614,kWh
EVENING_BANK,shoulder,shoulder,air_loop,air_loop_09,total_heating_interval_peak_kw,1,17.220991444098022,17.220991444098022,17.220991444098022,kW
EVENING_BANK,shoulder,shoulder,air_loop,air_loop_09,total_heating_kwh,1,160.6336806577369,160.6336806577369,160.6336806577369,kWh
EVENING_BANK,shoulder,shoulder,air_loop,air_loop_10,fan_electricity_kwh,1,403.4262348108596,403.4262348108596,403.4262348108596,kWh
EVENING_BANK,shoulder,shoulder,air_loop,air_loop_10,outdoor_air_mass_flow_mean_kg_s,1,32.89919666548332,32.89919666548332,32.89919666548332,kg/s
EVENING_BANK,shoulder,shoulder,air_loop,air_loop_10,outdoor_air_mass_flow_peak_kg_s,1,39.34970711799358,39.34970711799358,39.34970711799358,kg/s
EVENING_BANK,shoulder,shoulder,air_loop,air_loop_10,total_cooling_interval_peak_kw,1,364.5534029950925,364.5534029950925,364.5534029950925,kW
EVENING_BANK,shoulder,shoulder,air_loop,air_loop_10,total_cooling_kwh,1,3339.833109121093,3339.833109121093,3339.833109121093,kWh
EVENING_BANK,shoulder,shoulder,air_loop,air_loop_10,total_heating_interval_peak_kw,1,438.9935045769401,438.9935045769401,438.9935045769401,kW
EVENING_BANK,shoulder,shoulder,air_loop,air_loop_10,total_heating_kwh,1,4013.0610317098317,4013.0610317098317,4013.0610317098317,kWh
EVENING_BANK,shoulder,shoulder,air_loop,air_loop_11,fan_electricity_kwh,1,15.184620472048184,15.184620472048184,15.184620472048184,kWh
EVENING_BANK,shoulder,shoulder,air_loop,air_loop_11,outdoor_air_mass_flow_mean_kg_s,1,0.6642420557785242,0.6642420557785242,0.6642420557785242,kg/s
EVENING_BANK,shoulder,shoulder,air_loop,air_loop_11,outdoor_air_mass_flow_peak_kg_s,1,0.6642420557785244,0.6642420557785244,0.6642420557785244,kg/s
EVENING_BANK,shoulder,shoulder,air_loop,air_loop_11,total_cooling_interval_peak_kw,1,3.5643896120224325,3.5643896120224325,3.5643896120224325,kW
EVENING_BANK,shoulder,shoulder,air_loop,air_loop_11,total_cooling_kwh,1,22.772492053236554,22.772492053236554,22.772492053236554,kWh
EVENING_BANK,shoulder,shoulder,air_loop,air_loop_11,total_heating_interval_peak_kw,1,5.908496396006922,5.908496396006922,5.908496396006922,kW
EVENING_BANK,shoulder,shoulder,air_loop,air_loop_11,total_heating_kwh,1,54.279713546875946,54.279713546875946,54.279713546875946,kWh
EVENING_BANK,shoulder,shoulder,air_loop,air_loop_12,fan_electricity_kwh,1,1072.8962647275198,1072.8962647275198,1072.8962647275198,kWh
EVENING_BANK,shoulder,shoulder,air_loop,air_loop_12,outdoor_air_mass_flow_mean_kg_s,1,91.03292285701237,91.03292285701237,91.03292285701237,kg/s
EVENING_BANK,shoulder,shoulder,air_loop,air_loop_12,outdoor_air_mass_flow_peak_kg_s,1,124.14354771313756,124.14354771313756,124.14354771313756,kg/s
EVENING_BANK,shoulder,shoulder,air_loop,air_loop_12,total_cooling_interval_peak_kw,1,1009.3195242528552,1009.3195242528552,1009.3195242528552,kW
EVENING_BANK,shoulder,shoulder,air_loop,air_loop_12,total_cooling_kwh,1,8837.774080964584,8837.774080964584,8837.774080964584,kWh
EVENING_BANK,shoulder,shoulder,air_loop,air_loop_12,total_heating_interval_peak_kw,1,845.0645418346927,845.0645418346927,845.0645418346927,kW
EVENING_BANK,shoulder,shoulder,air_loop,air_loop_12,total_heating_kwh,1,8186.503498241731,8186.503498241731,8186.503498241731,kWh
EVENING_BANK,shoulder,shoulder,air_loop,air_loop_13,fan_electricity_kwh,1,55.90735819812033,55.90735819812033,55.90735819812033,kWh
EVENING_BANK,shoulder,shoulder,air_loop,air_loop_13,outdoor_air_mass_flow_mean_kg_s,1,2.44563363378266,2.44563363378266,2.44563363378266,kg/s
EVENING_BANK,shoulder,shoulder,air_loop,air_loop_13,outdoor_air_mass_flow_peak_kg_s,1,2.445633633782661,2.445633633782661,2.445633633782661,kg/s
EVENING_BANK,shoulder,shoulder,air_loop,air_loop_13,total_cooling_interval_peak_kw,1,13.123514278543222,13.123514278543222,13.123514278543222,kW
EVENING_BANK,shoulder,shoulder,air_loop,air_loop_13,total_cooling_kwh,1,83.8502142779294,83.8502142779294,83.8502142779294,kWh
EVENING_BANK,shoulder,shoulder,air_loop,air_loop_13,total_heating_interval_peak_kw,1,22.08199307192366,22.08199307192366,22.08199307192366,kW
EVENING_BANK,shoulder,shoulder,air_loop,air_loop_13,total_heating_kwh,1,204.68712486625296,204.68712486625296,204.68712486625296,kWh
EVENING_BANK,shoulder,shoulder,air_loop,air_loop_14,fan_electricity_kwh,1,681.6392089462156,681.6392089462156,681.6392089462156,kWh
EVENING_BANK,shoulder,shoulder,air_loop,air_loop_14,outdoor_air_mass_flow_mean_kg_s,1,57.57729061094306,57.57729061094306,57.57729061094306,kg/s
EVENING_BANK,shoulder,shoulder,air_loop,air_loop_14,outdoor_air_mass_flow_peak_kg_s,1,66.64902190772906,66.64902190772906,66.64902190772906,kg/s
EVENING_BANK,shoulder,shoulder,air_loop,air_loop_14,total_cooling_interval_peak_kw,1,634.0761489028384,634.0761489028384,634.0761489028384,kW
EVENING_BANK,shoulder,shoulder,air_loop,air_loop_14,total_cooling_kwh,1,5650.684638359053,5650.684638359053,5650.684638359053,kWh
EVENING_BANK,shoulder,shoulder,air_loop,air_loop_14,total_heating_interval_peak_kw,1,595.18960756607,595.18960756607,595.18960756607,kW
EVENING_BANK,shoulder,shoulder,air_loop,air_loop_14,total_heating_kwh,1,5320.124738696625,5320.124738696625,5320.124738696625,kWh
EVENING_BANK,shoulder,shoulder,building,whole_building,cooling_unmet_occupied_hours,1,0.0,0.0,0.0,h
EVENING_BANK,shoulder,shoulder,building,whole_building,district_cooling_kwh_boundary,1,57468.413165807666,57468.413165807666,57468.413165807666,kWh
EVENING_BANK,shoulder,shoulder,building,whole_building,district_heating_kwh_boundary,1,46447.749241222315,46447.749241222315,46447.749241222315,kWh
EVENING_BANK,shoulder,shoulder,building,whole_building,facility_electricity_kwh,1,110971.35660123975,110971.35660123975,110971.35660123975,kWh
EVENING_BANK,shoulder,shoulder,building,whole_building,fan_electricity_kwh,1,8485.845880592418,8485.845880592418,8485.845880592418,kWh
EVENING_BANK,shoulder,shoulder,building,whole_building,heating_unmet_occupied_hours,1,0.0,0.0,0.0,h
EVENING_BANK,shoulder,shoulder,building,whole_building,peak_hvac_electric_kw,1,444.3610827711755,444.3610827711755,444.3610827711755,kW
EVENING_BANK,shoulder,shoulder,building,whole_building,pump_electricity_kwh,1,547.8664810941136,547.8664810941136,547.8664810941136,kWh
MIDDAY_BANK,shoulder,shoulder,air_loop,air_loop_01,fan_electricity_kwh,1,232.72830122409772,232.72830122409772,232.72830122409772,kWh
MIDDAY_BANK,shoulder,shoulder,air_loop,air_loop_01,outdoor_air_mass_flow_mean_kg_s,1,10.180559041795176,10.180559041795176,10.180559041795176,kg/s
MIDDAY_BANK,shoulder,shoulder,air_loop,air_loop_01,outdoor_air_mass_flow_peak_kg_s,1,10.18055904179518,10.18055904179518,10.18055904179518,kg/s
MIDDAY_BANK,shoulder,shoulder,air_loop,air_loop_01,total_cooling_interval_peak_kw,1,54.62858448259984,54.62858448259984,54.62858448259984,kW
MIDDAY_BANK,shoulder,shoulder,air_loop,air_loop_01,total_cooling_kwh,1,349.04673016139907,349.04673016139907,349.04673016139907,kWh
MIDDAY_BANK,shoulder,shoulder,air_loop,air_loop_01,total_heating_interval_peak_kw,1,91.68814605095493,91.68814605095493,91.68814605095493,kW
MIDDAY_BANK,shoulder,shoulder,air_loop,air_loop_01,total_heating_kwh,1,845.5345142410207,845.5345142410207,845.5345142410207,kWh
MIDDAY_BANK,shoulder,shoulder,air_loop,air_loop_02,fan_electricity_kwh,1,989.1594048896571,989.1594048896571,989.1594048896571,kWh
MIDDAY_BANK,shoulder,shoulder,air_loop,air_loop_02,outdoor_air_mass_flow_mean_kg_s,1,86.28692246485481,86.28692246485481,86.28692246485481,kg/s
MIDDAY_BANK,shoulder,shoulder,air_loop,air_loop_02,outdoor_air_mass_flow_peak_kg_s,1,96.86069384618993,96.86069384618993,96.86069384618993,kg/s
MIDDAY_BANK,shoulder,shoulder,air_loop,air_loop_02,total_cooling_interval_peak_kw,1,925.8536241868612,925.8536241868612,925.8536241868612,kW
MIDDAY_BANK,shoulder,shoulder,air_loop,air_loop_02,total_cooling_kwh,1,8229.746583279742,8229.746583279742,8229.746583279742,kWh
MIDDAY_BANK,shoulder,shoulder,air_loop,air_loop_02,total_heating_interval_peak_kw,1,895.0279518236291,895.0279518236291,895.0279518236291,kW
MIDDAY_BANK,shoulder,shoulder,air_loop,air_loop_02,total_heating_kwh,1,7776.899870042815,7776.899870042815,7776.899870042815,kWh
MIDDAY_BANK,shoulder,shoulder,air_loop,air_loop_03,fan_electricity_kwh,1,96.48726360342089,96.48726360342089,96.48726360342089,kWh
MIDDAY_BANK,shoulder,shoulder,air_loop,air_loop_03,outdoor_air_mass_flow_mean_kg_s,1,4.2207770981407835,4.2207770981407835,4.2207770981407835,kg/s
MIDDAY_BANK,shoulder,shoulder,air_loop,air_loop_03,outdoor_air_mass_flow_peak_kg_s,1,4.220777098140784,4.220777098140784,4.220777098140784,kg/s
MIDDAY_BANK,shoulder,shoulder,air_loop,air_loop_03,total_cooling_interval_peak_kw,1,22.64870683010878,22.64870683010878,22.64870683010878,kW
MIDDAY_BANK,shoulder,shoulder,air_loop,air_loop_03,total_cooling_kwh,1,144.71209765361303,144.71209765361303,144.71209765361303,kWh
MIDDAY_BANK,shoulder,shoulder,air_loop,air_loop_03,total_heating_interval_peak_kw,1,37.993724868982355,37.993724868982355,37.993724868982355,kW
MIDDAY_BANK,shoulder,shoulder,air_loop,air_loop_03,total_heating_kwh,1,358.07734290873213,358.07734290873213,358.07734290873213,kWh
MIDDAY_BANK,shoulder,shoulder,air_loop,air_loop_04,fan_electricity_kwh,1,2140.6837883576754,2140.6837883576754,2140.6837883576754,kWh
MIDDAY_BANK,shoulder,shoulder,air_loop,air_loop_04,outdoor_air_mass_flow_mean_kg_s,1,185.60731305142016,185.60731305142016,185.60731305142016,kg/s
MIDDAY_BANK,shoulder,shoulder,air_loop,air_loop_04,outdoor_air_mass_flow_peak_kg_s,1,212.8605066208986,212.8605066208986,212.8605066208986,kg/s
MIDDAY_BANK,shoulder,shoulder,air_loop,air_loop_04,total_cooling_interval_peak_kw,1,2037.888465093372,2037.888465093372,2037.888465093372,kW
MIDDAY_BANK,shoulder,shoulder,air_loop,air_loop_04,total_cooling_kwh,1,17867.48593568567,17867.48593568567,17867.48593568567,kWh
MIDDAY_BANK,shoulder,shoulder,air_loop,air_loop_04,total_heating_interval_peak_kw,1,2075.523595482033,2075.523595482033,2075.523595482033,kW
MIDDAY_BANK,shoulder,shoulder,air_loop,air_loop_04,total_heating_kwh,1,16034.541325063678,16034.541325063678,16034.541325063678,kWh
MIDDAY_BANK,shoulder,shoulder,air_loop,air_loop_05,fan_electricity_kwh,1,60.70153080708208,60.70153080708208,60.70153080708208,kWh
MIDDAY_BANK,shoulder,shoulder,air_loop,air_loop_05,outdoor_air_mass_flow_mean_kg_s,1,2.655351820377831,2.655351820377831,2.655351820377831,kg/s
MIDDAY_BANK,shoulder,shoulder,air_loop,air_loop_05,outdoor_air_mass_flow_peak_kg_s,1,2.655351820377832,2.655351820377832,2.655351820377832,kg/s
MIDDAY_BANK,shoulder,shoulder,air_loop,air_loop_05,total_cooling_interval_peak_kw,1,14.248882986747047,14.248882986747047,14.248882986747047,kW
MIDDAY_BANK,shoulder,shoulder,air_loop,air_loop_05,total_cooling_kwh,1,91.04076038961175,91.04076038961175,91.04076038961175,kWh
MIDDAY_BANK,shoulder,shoulder,air_loop,air_loop_05,total_heating_interval_peak_kw,1,23.91671614099598,23.91671614099598,23.91671614099598,kW
MIDDAY_BANK,shoulder,shoulder,air_loop,air_loop_05,total_heating_kwh,1,220.85122877667885,220.85122877667885,220.85122877667885,kWh
MIDDAY_BANK,shoulder,shoulder,air_loop,air_loop_06,fan_electricity_kwh,1,582.9231073303683,582.9231073303683,582.9231073303683,kWh
MIDDAY_BANK,shoulder,shoulder,air_loop,air_loop_06,outdoor_air_mass_flow_mean_kg_s,1,49.80117865195684,49.80117865195684,49.80117865195684,kg/s
MIDDAY_BANK,shoulder,shoulder,air_loop,air_loop_06,outdoor_air_mass_flow_peak_kg_s,1,57.22517798161611,57.22517798161611,57.22517798161611,kg/s
MIDDAY_BANK,shoulder,shoulder,air_loop,air_loop_06,total_cooling_interval_peak_kw,1,546.7987867228431,546.7987867228431,546.7987867228431,kW
MIDDAY_BANK,shoulder,shoulder,air_loop,air_loop_06,total_cooling_kwh,1,4850.665253980421,4850.665253980421,4850.665253980421,kWh
MIDDAY_BANK,shoulder,shoulder,air_loop,air_loop_06,total_heating_interval_peak_kw,1,547.4563965293983,547.4563965293983,547.4563965293983,kW
MIDDAY_BANK,shoulder,shoulder,air_loop,air_loop_06,total_heating_kwh,1,5073.0419967681555,5073.0419967681555,5073.0419967681555,kWh
MIDDAY_BANK,shoulder,shoulder,air_loop,air_loop_07,fan_electricity_kwh,1,80.80054406710381,80.80054406710381,80.80054406710381,kWh
MIDDAY_BANK,shoulder,shoulder,air_loop,air_loop_07,outdoor_air_mass_flow_mean_kg_s,1,3.5345710219069315,3.5345710219069315,3.5345710219069315,kg/s
MIDDAY_BANK,shoulder,shoulder,air_loop,air_loop_07,outdoor_air_mass_flow_peak_kg_s,1,3.534571021906933,3.534571021906933,3.534571021906933,kg/s
MIDDAY_BANK,shoulder,shoulder,air_loop,air_loop_07,total_cooling_interval_peak_kw,1,18.96652226429553,18.96652226429553,18.96652226429553,kW
MIDDAY_BANK,shoulder,shoulder,air_loop,air_loop_07,total_cooling_kwh,1,121.18524976248598,121.18524976248598,121.18524976248598,kWh
MIDDAY_BANK,shoulder,shoulder,air_loop,air_loop_07,total_heating_interval_peak_kw,1,31.85446809067516,31.85446809067516,31.85446809067516,kW
MIDDAY_BANK,shoulder,shoulder,air_loop,air_loop_07,total_heating_kwh,1,296.3039626769051,296.3039626769051,296.3039626769051,kWh
MIDDAY_BANK,shoulder,shoulder,air_loop,air_loop_08,fan_electricity_kwh,1,552.1538506523286,552.1538506523286,552.1538506523286,kWh
MIDDAY_BANK,shoulder,shoulder,air_loop,air_loop_08,outdoor_air_mass_flow_mean_kg_s,1,46.5904981894933,46.5904981894933,46.5904981894933,kg/s
MIDDAY_BANK,shoulder,shoulder,air_loop,air_loop_08,outdoor_air_mass_flow_peak_kg_s,1,54.14687040612869,54.14687040612869,54.14687040612869,kg/s
MIDDAY_BANK,shoulder,shoulder,air_loop,air_loop_08,total_cooling_interval_peak_kw,1,515.3083048662485,515.3083048662485,515.3083048662485,kW
MIDDAY_BANK,shoulder,shoulder,air_loop,air_loop_08,total_cooling_kwh,1,4590.941317657647,4590.941317657647,4590.941317657647,kWh
MIDDAY_BANK,shoulder,shoulder,air_loop,air_loop_08,total_heating_interval_peak_kw,1,519.8642693221682,519.8642693221682,519.8642693221682,kW
MIDDAY_BANK,shoulder,shoulder,air_loop,air_loop_08,total_heating_kwh,1,4777.877314115828,4777.877314115828,4777.877314115828,kWh
MIDDAY_BANK,shoulder,shoulder,air_loop,air_loop_09,fan_electricity_kwh,1,43.66125225689703,43.66125225689703,43.66125225689703,kWh
MIDDAY_BANK,shoulder,shoulder,air_loop,air_loop_09,outdoor_air_mass_flow_mean_kg_s,1,1.9099351222094858,1.9099351222094858,1.9099351222094858,kg/s
MIDDAY_BANK,shoulder,shoulder,air_loop,air_loop_09,outdoor_air_mass_flow_peak_kg_s,1,1.9099351222094862,1.9099351222094862,1.9099351222094862,kg/s
MIDDAY_BANK,shoulder,shoulder,air_loop,air_loop_09,total_cooling_interval_peak_kw,1,10.248902443383917,10.248902443383917,10.248902443383917,kW
MIDDAY_BANK,shoulder,shoulder,air_loop,air_loop_09,total_cooling_kwh,1,65.48272354432888,65.48272354432888,65.48272354432888,kWh
MIDDAY_BANK,shoulder,shoulder,air_loop,air_loop_09,total_heating_interval_peak_kw,1,17.213902529510044,17.213902529510044,17.213902529510044,kW
MIDDAY_BANK,shoulder,shoulder,air_loop,air_loop_09,total_heating_kwh,1,160.45813260362155,160.45813260362155,160.45813260362155,kWh
MIDDAY_BANK,shoulder,shoulder,air_loop,air_loop_10,fan_electricity_kwh,1,399.30196140525413,399.30196140525413,399.30196140525413,kWh
MIDDAY_BANK,shoulder,shoulder,air_loop,air_loop_10,outdoor_air_mass_flow_mean_kg_s,1,34.456486024130186,34.456486024130186,34.456486024130186,kg/s
MIDDAY_BANK,shoulder,shoulder,air_loop,air_loop_10,outdoor_air_mass_flow_peak_kg_s,1,38.947430477107325,38.947430477107325,38.947430477107325,kg/s
MIDDAY_BANK,shoulder,shoulder,air_loop,air_loop_10,total_cooling_interval_peak_kw,1,371.89680402919987,371.89680402919987,371.89680402919987,kW
MIDDAY_BANK,shoulder,shoulder,air_loop,air_loop_10,total_cooling_kwh,1,3319.4512407567436,3319.4512407567436,3319.4512407567436,kWh
MIDDAY_BANK,shoulder,shoulder,air_loop,air_loop_10,total_heating_interval_peak_kw,1,437.04924790489497,437.04924790489497,437.04924790489497,kW
MIDDAY_BANK,shoulder,shoulder,air_loop,air_loop_10,total_heating_kwh,1,4040.7117437193533,4040.7117437193533,4040.7117437193533,kWh
MIDDAY_BANK,shoulder,shoulder,air_loop,air_loop_11,fan_electricity_kwh,1,15.184620472048184,15.184620472048184,15.184620472048184,kWh
MIDDAY_BANK,shoulder,shoulder,air_loop,air_loop_11,outdoor_air_mass_flow_mean_kg_s,1,0.6642420557785242,0.6642420557785242,0.6642420557785242,kg/s
MIDDAY_BANK,shoulder,shoulder,air_loop,air_loop_11,outdoor_air_mass_flow_peak_kg_s,1,0.6642420557785245,0.6642420557785245,0.6642420557785245,kg/s
MIDDAY_BANK,shoulder,shoulder,air_loop,air_loop_11,total_cooling_interval_peak_kw,1,3.5643896099047674,3.5643896099047674,3.5643896099047674,kW
MIDDAY_BANK,shoulder,shoulder,air_loop,air_loop_11,total_cooling_kwh,1,22.772491953894967,22.772491953894967,22.772491953894967,kWh
MIDDAY_BANK,shoulder,shoulder,air_loop,air_loop_11,total_heating_interval_peak_kw,1,5.9049120819297105,5.9049120819297105,5.9049120819297105,kW
MIDDAY_BANK,shoulder,shoulder,air_loop,air_loop_11,total_heating_kwh,1,54.25797473571482,54.25797473571482,54.25797473571482,kWh
MIDDAY_BANK,shoulder,shoulder,air_loop,air_loop_12,fan_electricity_kwh,1,1078.7692106919237,1078.7692106919237,1078.7692106919237,kWh
MIDDAY_BANK,shoulder,shoulder,air_loop,air_loop_12,outdoor_air_mass_flow_mean_kg_s,1,87.84619377158329,87.84619377158329,87.84619377158329,kg/s
MIDDAY_BANK,shoulder,shoulder,air_loop,air_loop_12,outdoor_air_mass_flow_peak_kg_s,1,127.74621086965206,127.74621086965206,127.74621086965206,kg/s
MIDDAY_BANK,shoulder,shoulder,air_loop,air_loop_12,total_cooling_interval_peak_kw,1,1048.8981560342918,1048.8981560342918,1048.8981560342918,kW
MIDDAY_BANK,shoulder,shoulder,air_loop,air_loop_12,total_cooling_kwh,1,8855.710671710653,8855.710671710653,8855.710671710653,kWh
MIDDAY_BANK,shoulder,shoulder,air_loop,air_loop_12,total_heating_interval_peak_kw,1,840.3243743650788,840.3243743650788,840.3243743650788,kW
MIDDAY_BANK,shoulder,shoulder,air_loop,air_loop_12,total_heating_kwh,1,8288.659830751636,8288.659830751636,8288.659830751636,kWh
MIDDAY_BANK,shoulder,shoulder,air_loop,air_loop_13,fan_electricity_kwh,1,55.90735819812033,55.90735819812033,55.90735819812033,kWh
MIDDAY_BANK,shoulder,shoulder,air_loop,air_loop_13,outdoor_air_mass_flow_mean_kg_s,1,2.44563363378266,2.44563363378266,2.44563363378266,kg/s
MIDDAY_BANK,shoulder,shoulder,air_loop,air_loop_13,outdoor_air_mass_flow_peak_kg_s,1,2.4456336337826605,2.4456336337826605,2.4456336337826605,kg/s
MIDDAY_BANK,shoulder,shoulder,air_loop,air_loop_13,total_cooling_interval_peak_kw,1,13.123514240945209,13.123514240945209,13.123514240945209,kW
MIDDAY_BANK,shoulder,shoulder,air_loop,air_loop_13,total_cooling_kwh,1,83.85031259318889,83.85031259318889,83.85031259318889,kWh
MIDDAY_BANK,shoulder,shoulder,air_loop,air_loop_13,total_heating_interval_peak_kw,1,22.075237006557916,22.075237006557916,22.075237006557916,kW
MIDDAY_BANK,shoulder,shoulder,air_loop,air_loop_13,total_heating_kwh,1,204.49464568832016,204.49464568832016,204.49464568832016,kWh
MIDDAY_BANK,shoulder,shoulder,air_loop,air_loop_14,fan_electricity_kwh,1,686.6942868770368,686.6942868770368,686.6942868770368,kWh
MIDDAY_BANK,shoulder,shoulder,air_loop,air_loop_14,outdoor_air_mass_flow_mean_kg_s,1,57.56194523583479,57.56194523583479,57.56194523583479,kg/s
MIDDAY_BANK,shoulder,shoulder,air_loop,air_loop_14,outdoor_air_mass_flow_peak_kg_s,1,67.23958560401806,67.23958560401806,67.23958560401806,kg/s
MIDDAY_BANK,shoulder,shoulder,air_loop,air_loop_14,total_cooling_interval_peak_kw,1,633.7247667679776,633.7247667679776,633.7247667679776,kW
MIDDAY_BANK,shoulder,shoulder,air_loop,air_loop_14,total_cooling_kwh,1,5693.155473516127,5693.155473516127,5693.155473516127,kWh
MIDDAY_BANK,shoulder,shoulder,air_loop,air_loop_14,total_heating_interval_peak_kw,1,600.2455596811353,600.2455596811353,600.2455596811353,kW
MIDDAY_BANK,shoulder,shoulder,air_loop,air_loop_14,total_heating_kwh,1,5460.684516683917,5460.684516683917,5460.684516683917,kWh
MIDDAY_BANK,shoulder,shoulder,building,whole_building,cooling_unmet_occupied_hours,1,0.25,0.25,0.25,h
MIDDAY_BANK,shoulder,shoulder,building,whole_building,district_cooling_kwh_boundary,1,57116.315728700785,57116.315728700785,57116.315728700785,kWh
MIDDAY_BANK,shoulder,shoulder,building,whole_building,district_heating_kwh_boundary,1,46746.70628101037,46746.70628101037,46746.70628101037,kWh
MIDDAY_BANK,shoulder,shoulder,building,whole_building,facility_electricity_kwh,1,110917.51621376903,110917.51621376903,110917.51621376903,kWh
MIDDAY_BANK,shoulder,shoulder,building,whole_building,fan_electricity_kwh,1,8431.319273761963,8431.319273761963,8431.319273761963,kWh
MIDDAY_BANK,shoulder,shoulder,building,whole_building,heating_unmet_occupied_hours,1,0.0,0.0,0.0,h
MIDDAY_BANK,shoulder,shoulder,building,whole_building,peak_hvac_electric_kw,1,449.7487105045186,449.7487105045186,449.7487105045186,kW
MIDDAY_BANK,shoulder,shoulder,building,whole_building,pump_electricity_kwh,1,548.5527004538673,548.5527004538673,548.5527004538673,kWh
MORNING_BANK,shoulder,shoulder,air_loop,air_loop_01,fan_electricity_kwh,1,232.72830122409772,232.72830122409772,232.72830122409772,kWh
MORNING_BANK,shoulder,shoulder,air_loop,air_loop_01,outdoor_air_mass_flow_mean_kg_s,1,10.180559041795176,10.180559041795176,10.180559041795176,kg/s
MORNING_BANK,shoulder,shoulder,air_loop,air_loop_01,outdoor_air_mass_flow_peak_kg_s,1,10.180559041795192,10.180559041795192,10.180559041795192,kg/s
MORNING_BANK,shoulder,shoulder,air_loop,air_loop_01,total_cooling_interval_peak_kw,1,54.628584482599926,54.628584482599926,54.628584482599926,kW
MORNING_BANK,shoulder,shoulder,air_loop,air_loop_01,total_cooling_kwh,1,349.04568266007567,349.04568266007567,349.04568266007567,kWh
MORNING_BANK,shoulder,shoulder,air_loop,air_loop_01,total_heating_interval_peak_kw,1,91.68933049224336,91.68933049224336,91.68933049224336,kW
MORNING_BANK,shoulder,shoulder,air_loop,air_loop_01,total_heating_kwh,1,841.8868837916041,841.8868837916041,841.8868837916041,kWh
MORNING_BANK,shoulder,shoulder,air_loop,air_loop_02,fan_electricity_kwh,1,890.6662371907324,890.6662371907324,890.6662371907324,kWh
MORNING_BANK,shoulder,shoulder,air_loop,air_loop_02,outdoor_air_mass_flow_mean_kg_s,1,78.81613048182946,78.81613048182946,78.81613048182946,kg/s
MORNING_BANK,shoulder,shoulder,air_loop,air_loop_02,outdoor_air_mass_flow_peak_kg_s,1,87.1950570304466,87.1950570304466,87.1950570304466,kg/s
MORNING_BANK,shoulder,shoulder,air_loop,air_loop_02,total_cooling_interval_peak_kw,1,833.4609802225111,833.4609802225111,833.4609802225111,kW
MORNING_BANK,shoulder,shoulder,air_loop,air_loop_02,total_cooling_kwh,1,7410.235340437294,7410.235340437294,7410.235340437294,kWh
MORNING_BANK,shoulder,shoulder,air_loop,air_loop_02,total_heating_interval_peak_kw,1,895.8250438940893,895.8250438940893,895.8250438940893,kW
MORNING_BANK,shoulder,shoulder,air_loop,air_loop_02,total_heating_kwh,1,6707.223733871605,6707.223733871605,6707.223733871605,kWh
MORNING_BANK,shoulder,shoulder,air_loop,air_loop_03,fan_electricity_kwh,1,96.48726360342089,96.48726360342089,96.48726360342089,kWh
MORNING_BANK,shoulder,shoulder,air_loop,air_loop_03,outdoor_air_mass_flow_mean_kg_s,1,4.2207770981407835,4.2207770981407835,4.2207770981407835,kg/s
MORNING_BANK,shoulder,shoulder,air_loop,air_loop_03,outdoor_air_mass_flow_peak_kg_s,1,4.22077709814079,4.22077709814079,4.22077709814079,kg/s
MORNING_BANK,shoulder,shoulder,air_loop,air_loop_03,total_cooling_interval_peak_kw,1,22.648706830108775,22.648706830108775,22.648706830108775,kW
MORNING_BANK,shoulder,shoulder,air_loop,air_loop_03,total_cooling_kwh,1,144.71166348219697,144.71166348219697,144.71166348219697,kWh
MORNING_BANK,shoulder,shoulder,air_loop,air_loop_03,total_heating_interval_peak_kw,1,37.99433092108075,37.99433092108075,37.99433092108075,kW
MORNING_BANK,shoulder,shoulder,air_loop,air_loop_03,total_heating_kwh,1,356.07710436913146,356.07710436913146,356.07710436913146,kWh
MORNING_BANK,shoulder,shoulder,air_loop,air_loop_04,fan_electricity_kwh,1,2069.211600922717,2069.211600922717,2069.211600922717,kWh
MORNING_BANK,shoulder,shoulder,air_loop,air_loop_04,outdoor_air_mass_flow_mean_kg_s,1,180.14524780065582,180.14524780065582,180.14524780065582,kg/s
MORNING_BANK,shoulder,shoulder,air_loop,air_loop_04,outdoor_air_mass_flow_peak_kg_s,1,205.3945368121499,205.3945368121499,205.3945368121499,kg/s
MORNING_BANK,shoulder,shoulder,air_loop,air_loop_04,total_cooling_interval_peak_kw,1,1966.2700045914312,1966.2700045914312,1966.2700045914312,kW
MORNING_BANK,shoulder,shoulder,air_loop,air_loop_04,total_cooling_kwh,1,17267.451097677105,17267.451097677105,17267.451097677105,kWh
MORNING_BANK,shoulder,shoulder,air_loop,air_loop_04,total_heating_interval_peak_kw,1,2076.815382131168,2076.815382131168,2076.815382131168,kW
MORNING_BANK,shoulder,shoulder,air_loop,air_loop_04,total_heating_kwh,1,14594.204119765014,14594.204119765014,14594.204119765014,kWh
MORNING_BANK,shoulder,shoulder,air_loop,air_loop_05,fan_electricity_kwh,1,60.70153080708208,60.70153080708208,60.70153080708208,kWh
MORNING_BANK,shoulder,shoulder,air_loop,air_loop_05,outdoor_air_mass_flow_mean_kg_s,1,2.655351820377831,2.655351820377831,2.655351820377831,kg/s
MORNING_BANK,shoulder,shoulder,air_loop,air_loop_05,outdoor_air_mass_flow_peak_kg_s,1,2.6553518203778355,2.6553518203778355,2.6553518203778355,kg/s
MORNING_BANK,shoulder,shoulder,air_loop,air_loop_05,total_cooling_interval_peak_kw,1,14.24888301883876,14.24888301883876,14.24888301883876,kW
MORNING_BANK,shoulder,shoulder,air_loop,air_loop_05,total_cooling_kwh,1,91.04050183082418,91.04050183082418,91.04050183082418,kWh
MORNING_BANK,shoulder,shoulder,air_loop,air_loop_05,total_heating_interval_peak_kw,1,23.917353434515235,23.917353434515235,23.917353434515235,kW
MORNING_BANK,shoulder,shoulder,air_loop,air_loop_05,total_heating_kwh,1,219.84194015307662,219.84194015307662,219.84194015307662,kWh
MORNING_BANK,shoulder,shoulder,air_loop,air_loop_06,fan_electricity_kwh,1,537.2869767107655,537.2869767107655,537.2869767107655,kWh
MORNING_BANK,shoulder,shoulder,air_loop,air_loop_06,outdoor_air_mass_flow_mean_kg_s,1,46.34507974262673,46.34507974262673,46.34507974262673,kg/s
MORNING_BANK,shoulder,shoulder,air_loop,air_loop_06,outdoor_air_mass_flow_peak_kg_s,1,52.70227607216044,52.70227607216044,52.70227607216044,kg/s
MORNING_BANK,shoulder,shoulder,air_loop,air_loop_06,total_cooling_interval_peak_kw,1,501.7363558150469,501.7363558150469,501.7363558150469,kW
MORNING_BANK,shoulder,shoulder,air_loop,air_loop_06,total_cooling_kwh,1,4470.462188907676,4470.462188907676,4470.462188907676,kWh
MORNING_BANK,shoulder,shoulder,air_loop,air_loop_06,total_heating_interval_peak_kw,1,514.8264141715653,514.8264141715653,514.8264141715653,kW
MORNING_BANK,shoulder,shoulder,air_loop,air_loop_06,total_heating_kwh,1,4073.463088437524,4073.463088437524,4073.463088437524,kWh
MORNING_BANK,shoulder,shoulder,air_loop,air_loop_07,fan_electricity_kwh,1,80.80054406710381,80.80054406710381,80.80054406710381,kWh
MORNING_BANK,shoulder,shoulder,air_loop,air_loop_07,outdoor_air_mass_flow_mean_kg_s,1,3.5345710219069324,3.5345710219069324,3.5345710219069324,kg/s
MORNING_BANK,shoulder,shoulder,air_loop,air_loop_07,outdoor_air_mass_flow_peak_kg_s,1,3.534571021906937,3.534571021906937,3.534571021906937,kg/s
MORNING_BANK,shoulder,shoulder,air_loop,air_loop_07,total_cooling_interval_peak_kw,1,18.966522263396566,18.966522263396566,18.966522263396566,kW
MORNING_BANK,shoulder,shoulder,air_loop,air_loop_07,total_cooling_kwh,1,121.1848115192365,121.1848115192365,121.1848115192365,kWh
MORNING_BANK,shoulder,shoulder,air_loop,air_loop_07,total_heating_interval_peak_kw,1,31.854878531622532,31.854878531622532,31.854878531622532,kW
MORNING_BANK,shoulder,shoulder,air_loop,air_loop_07,total_heating_kwh,1,294.9926549222208,294.9926549222208,294.9926549222208,kWh
MORNING_BANK,shoulder,shoulder,air_loop,air_loop_08,fan_electricity_kwh,1,510.5280084057586,510.5280084057586,510.5280084057586,kWh
MORNING_BANK,shoulder,shoulder,air_loop,air_loop_08,outdoor_air_mass_flow_mean_kg_s,1,43.25596147976111,43.25596147976111,43.25596147976111,kg/s
MORNING_BANK,shoulder,shoulder,air_loop,air_loop_08,outdoor_air_mass_flow_peak_kg_s,1,50.043975282084034,50.043975282084034,50.043975282084034,kg/s
MORNING_BANK,shoulder,shoulder,air_loop,air_loop_08,total_cooling_interval_peak_kw,1,471.9560033964483,471.9560033964483,471.9560033964483,kW
MORNING_BANK,shoulder,shoulder,air_loop,air_loop_08,total_cooling_kwh,1,4243.696824094096,4243.696824094096,4243.696824094096,kWh
MORNING_BANK,shoulder,shoulder,air_loop,air_loop_08,total_heating_interval_peak_kw,1,489.5364286746804,489.5364286746804,489.5364286746804,kW
MORNING_BANK,shoulder,shoulder,air_loop,air_loop_08,total_heating_kwh,1,3819.337344295273,3819.337344295273,3819.337344295273,kWh
MORNING_BANK,shoulder,shoulder,air_loop,air_loop_09,fan_electricity_kwh,1,43.66125225689703,43.66125225689703,43.66125225689703,kWh
MORNING_BANK,shoulder,shoulder,air_loop,air_loop_09,outdoor_air_mass_flow_mean_kg_s,1,1.9099351222094858,1.9099351222094858,1.9099351222094858,kg/s
MORNING_BANK,shoulder,shoulder,air_loop,air_loop_09,outdoor_air_mass_flow_peak_kg_s,1,1.9099351222094882,1.9099351222094882,1.9099351222094882,kg/s
MORNING_BANK,shoulder,shoulder,air_loop,air_loop_09,total_cooling_interval_peak_kw,1,10.248902443383917,10.248902443383917,10.248902443383917,kW
MORNING_BANK,shoulder,shoulder,air_loop,air_loop_09,total_cooling_kwh,1,65.48261419801797,65.48261419801797,65.48261419801797,kWh
MORNING_BANK,shoulder,shoulder,air_loop,air_loop_09,total_heating_interval_peak_kw,1,17.214320037970218,17.214320037970218,17.214320037970218,kW
MORNING_BANK,shoulder,shoulder,air_loop,air_loop_09,total_heating_kwh,1,159.66451721035622,159.66451721035622,159.66451721035622,kWh
MORNING_BANK,shoulder,shoulder,air_loop,air_loop_10,fan_electricity_kwh,1,394.43667656259413,394.43667656259413,394.43667656259413,kWh
MORNING_BANK,shoulder,shoulder,air_loop,air_loop_10,outdoor_air_mass_flow_mean_kg_s,1,32.11955483543217,32.11955483543217,32.11955483543217,kg/s
MORNING_BANK,shoulder,shoulder,air_loop,air_loop_10,outdoor_air_mass_flow_peak_kg_s,1,38.4728764766863,38.4728764766863,38.4728764766863,kg/s
MORNING_BANK,shoulder,shoulder,air_loop,air_loop_10,total_cooling_interval_peak_kw,1,358.18055351934436,358.18055351934436,358.18055351934436,kW
MORNING_BANK,shoulder,shoulder,air_loop,air_loop_10,total_cooling_kwh,1,3269.6485031939487,3269.6485031939487,3269.6485031939487,kWh
MORNING_BANK,shoulder,shoulder,air_loop,air_loop_10,total_heating_interval_peak_kw,1,433.3149336352342,433.3149336352342,433.3149336352342,kW
MORNING_BANK,shoulder,shoulder,air_loop,air_loop_10,total_heating_kwh,1,3735.214351905393,3735.214351905393,3735.214351905393,kWh
MORNING_BANK,shoulder,shoulder,air_loop,air_loop_11,fan_electricity_kwh,1,15.184620472048184,15.184620472048184,15.184620472048184,kWh
MORNING_BANK,shoulder,shoulder,air_loop,air_loop_11,outdoor_air_mass_flow_mean_kg_s,1,0.6642420557785242,0.6642420557785242,0.6642420557785242,kg/s
MORNING_BANK,shoulder,shoulder,air_loop,air_loop_11,outdoor_air_mass_flow_peak_kg_s,1,0.6642420557785252,0.6642420557785252,0.6642420557785252,kg/s
MORNING_BANK,shoulder,shoulder,air_loop,air_loop_11,total_cooling_interval_peak_kw,1,3.5643896113206903,3.5643896113206903,3.5643896113206903,kW
MORNING_BANK,shoulder,shoulder,air_loop,air_loop_11,total_cooling_kwh,1,22.772390169492144,22.772390169492144,22.772390169492144,kWh
MORNING_BANK,shoulder,shoulder,air_loop,air_loop_11,total_heating_interval_peak_kw,1,5.904852403239867,5.904852403239867,5.904852403239867,kW
MORNING_BANK,shoulder,shoulder,air_loop,air_loop_11,total_heating_kwh,1,54.13831975317522,54.13831975317522,54.13831975317522,kWh
MORNING_BANK,shoulder,shoulder,air_loop,air_loop_12,fan_electricity_kwh,1,1001.1663277354342,1001.1663277354342,1001.1663277354342,kWh
MORNING_BANK,shoulder,shoulder,air_loop,air_loop_12,outdoor_air_mass_flow_mean_kg_s,1,84.04548739037362,84.04548739037362,84.04548739037362,kg/s
MORNING_BANK,shoulder,shoulder,air_loop,air_loop_12,outdoor_air_mass_flow_peak_kg_s,1,117.15842218592455,117.15842218592455,117.15842218592455,kg/s
MORNING_BANK,shoulder,shoulder,air_loop,air_loop_12,total_cooling_interval_peak_kw,1,954.2060316192428,954.2060316192428,954.2060316192428,kW
MORNING_BANK,shoulder,shoulder,air_loop,air_loop_12,total_cooling_kwh,1,8205.81136170679,8205.81136170679,8205.81136170679,kWh
MORNING_BANK,shoulder,shoulder,air_loop,air_loop_12,total_heating_interval_peak_kw,1,787.1799612387593,787.1799612387593,787.1799612387593,kW
MORNING_BANK,shoulder,shoulder,air_loop,air_loop_12,total_heating_kwh,1,7005.095964227786,7005.095964227786,7005.095964227786,kWh
MORNING_BANK,shoulder,shoulder,air_loop,air_loop_13,fan_electricity_kwh,1,55.90735819812033,55.90735819812033,55.90735819812033,kWh
MORNING_BANK,shoulder,shoulder,air_loop,air_loop_13,outdoor_air_mass_flow_mean_kg_s,1,2.44563363378266,2.44563363378266,2.44563363378266,kg/s
MORNING_BANK,shoulder,shoulder,air_loop,air_loop_13,outdoor_air_mass_flow_peak_kg_s,1,2.4456336337826636,2.4456336337826636,2.4456336337826636,kg/s
MORNING_BANK,shoulder,shoulder,air_loop,air_loop_13,total_cooling_interval_peak_kw,1,13.123514255954127,13.123514255954127,13.123514255954127,kW
MORNING_BANK,shoulder,shoulder,air_loop,air_loop_13,total_cooling_kwh,1,83.85007411847299,83.85007411847299,83.85007411847299,kWh
MORNING_BANK,shoulder,shoulder,air_loop,air_loop_13,total_heating_interval_peak_kw,1,22.075586519320186,22.075586519320186,22.075586519320186,kW
MORNING_BANK,shoulder,shoulder,air_loop,air_loop_13,total_heating_kwh,1,203.5810242254138,203.5810242254138,203.5810242254138,kWh
MORNING_BANK,shoulder,shoulder,air_loop,air_loop_14,fan_electricity_kwh,1,603.4899144882438,603.4899144882438,603.4899144882438,kWh
MORNING_BANK,shoulder,shoulder,air_loop,air_loop_14,outdoor_air_mass_flow_mean_kg_s,1,51.49908566815247,51.49908566815247,51.49908566815247,kg/s
MORNING_BANK,shoulder,shoulder,air_loop,air_loop_14,outdoor_air_mass_flow_peak_kg_s,1,58.93012006815666,58.93012006815666,58.93012006815666,kg/s
MORNING_BANK,shoulder,shoulder,air_loop,air_loop_14,total_cooling_interval_peak_kw,1,557.2263150086255,557.2263150086255,557.2263150086255,kW
MORNING_BANK,shoulder,shoulder,air_loop,air_loop_14,total_cooling_kwh,1,5013.632486536753,5013.632486536753,5013.632486536753,kWh
MORNING_BANK,shoulder,shoulder,air_loop,air_loop_14,total_heating_interval_peak_kw,1,558.1048820248534,558.1048820248534,558.1048820248534,kW
MORNING_BANK,shoulder,shoulder,air_loop,air_loop_14,total_heating_kwh,1,4115.529059145925,4115.529059145925,4115.529059145925,kWh
MORNING_BANK,shoulder,shoulder,building,whole_building,cooling_unmet_occupied_hours,1,0.0,0.0,0.0,h
MORNING_BANK,shoulder,shoulder,building,whole_building,district_cooling_kwh_boundary,1,53568.15747121117,53568.15747121117,53568.15747121117,kWh
MORNING_BANK,shoulder,shoulder,building,whole_building,district_heating_kwh_boundary,1,39784.180099162004,39784.180099162004,39784.180099162004,kWh
MORNING_BANK,shoulder,shoulder,building,whole_building,facility_electricity_kwh,1,110455.23352922982,110455.23352922982,110455.23352922982,kWh
MORNING_BANK,shoulder,shoulder,building,whole_building,fan_electricity_kwh,1,8008.11149567055,8008.11149567055,8008.11149567055,kWh
MORNING_BANK,shoulder,shoulder,building,whole_building,heating_unmet_occupied_hours,1,0.0,0.0,0.0,h
MORNING_BANK,shoulder,shoulder,building,whole_building,peak_hvac_electric_kw,1,424.3165362525736,424.3165362525736,424.3165362525736,kW
MORNING_BANK,shoulder,shoulder,building,whole_building,pump_electricity_kwh,1,509.4777940060733,509.4777940060733,509.4777940060733,kWh
