topology_fingerprint,model_count,source_clone_group_count,corpora,prototypes,code_editions,cities
015f1d17ed284a215bc6eea769ed7c27bd38d2d4624d0c3db2f2e192e35132b9,2,1,commercial_appendix_g,SchoolPrimary,2016,Dubai;NewDelhi
028b30ee361d6d1f81db2df2beb1cdb9c5c37fb1d3991f354692782891f8ca80,1,1,commercial_iecc,HotelLarge,2021,SanDiego
07abf1ea89ab7fb9fd32cea961e9ac252378b91b7aa681858e66d1076a191b99,7,1,commercial_appendix_g,OfficeLarge,2022,Atlanta;Dubai;HoChiMinh;Miami;NewDelhi;Tampa;Tucson
0878cab353a1ac134930a9b3b456cb0bd01bb5ef24818f342e5cd72a5929ed70,21,3,commercial_appendix_g,OfficeSmall,2016;2019;2022,Atlanta;Dubai;HoChiMinh;Miami;NewDelhi;Tampa;Tucson
0bf141c3c1b7b7b5c66846591ae4ebcd0107404d0501a61e883805351fd4d87a,247,13,commercial_iecc;commercial_standard,OfficeSmall,2004;2006;2007;2009;2010;2012;2013;2015;2016;2018;2019;2021;2022,Albuquerque;Atlanta;Buffalo;Denver;Dubai;ElPaso;Fairbanks;GreatFalls;HoChiMinh;InternationalFalls;Miami;NewDelhi;NewYork;PortAngeles;Rochester;SanDiego;Seattle;Tampa;Tucson
0f521cc09f31e8115f41fa17ccf7870555eb2c29ecc1cc4a46f79b1faf94f2f1,7,1,commercial_appendix_g,ApartmentMidRise,2022,Atlanta;Dubai;HoChiMinh;Miami;NewDelhi;Tampa;Tucson
134d1b30be59b0f0b27285074a05eacccbe491e5bb7a01fff9778df02e0592f6,59,5,commercial_iecc;commercial_standard,Hospital,2010;2012;2015;2018;2021,Albuquerque;Atlanta;Buffalo;Denver;Dubai;ElPaso;Fairbanks;GreatFalls;HoChiMinh;InternationalFalls;Miami;NewDelhi;NewYork;PortAngeles;Rochester;Seattle;Tampa;Tucson
1429eedf2be6400344a7ffc08b80cbeca7068e7f2a1a02ce5df8348737a9d597,2,2,commercial_standard,Hospital,2019;2022,SanDiego
14475a9075b5d95eedbe2b1def4772556130e84b5ba4a68aa24342ddfe18b39a,6,2,commercial_appendix_g,SchoolPrimary,2019;2022,Dubai;NewDelhi;Tucson
164e56310ab0f3c956a7ae534de715688d5b5f4c04ad28ac3277818ac42bb8cc,12,1,commercial_appendix_g,OfficeLarge,2022,Albuquerque;Buffalo;Denver;ElPaso;Fairbanks;GreatFalls;InternationalFalls;NewYork;PortAngeles;Rochester;SanDiego;Seattle
18197cc6d30f1f8799b0422d73d77d2b5cdf9adb3f570fc7ecb4c88fbe396289,12,1,commercial_appendix_g,OutPatientHealthCare,2022,Albuquerque;Buffalo;Denver;ElPaso;Fairbanks;GreatFalls;InternationalFalls;NewYork;PortAngeles;Rochester;SanDiego;Seattle
18ca7d2f1afa4b6dfea0ffb34e45011f81a500c56cd3f33833fd4682f60d1ffa,9,3,commercial_appendix_g,SchoolSecondary,2016;2019;2022,Dubai;NewDelhi;Tucson
18d7b154348cfefd4c62ec9d8536a2e8a12cb0b779bd7e894a1a7987735cc1b2,42,4,commercial_appendix_g,OfficeMedium,2016;2019;2022,Albuquerque;Buffalo;Denver;ElPaso;Fairbanks;GreatFalls;InternationalFalls;NewYork;PortAngeles;Rochester;SanDiego;Seattle
1943608931bc6ccb8c5f6898a6a0c38d7b4fa831d12c1f6be0c8565b2f9cc60e,1,1,commercial_appendix_g,SchoolPrimary,2016,Tucson
1da6c9df861952b91f74e4ecbf500e5d14b1936a00c36e2953ee40db3f9c4634,7,1,commercial_appendix_g,OutPatientHealthCare,2022,Atlanta;Dubai;HoChiMinh;Miami;NewDelhi;Tampa;Tucson
1f95a4a30b10baa4c862c1fc3179f3169c0224fe1221c05b4b565b14c95c752d,7,1,commercial_appendix_g,OfficeMedium,2022,Atlanta;Dubai;HoChiMinh;Miami;NewDelhi;Tampa;Tucson
213cee6319bf7d7cee32fcb2b703dede5a322b2799a69350e308351f1fc0ee63,19,3,commercial_iecc;commercial_standard,SchoolSecondary,2004;2006;2010,Albuquerque;Atlanta;Buffalo;Denver;Dubai;Fairbanks;GreatFalls;InternationalFalls;Miami;NewDelhi;NewYork;Rochester;Tampa;Tucson
26400ef755418649a2f8428cb6b67af1052702a991bec4adb064a00a7667c889,12,1,commercial_appendix_g,RetailStandalone,2022,Albuquerque;Buffalo;Denver;ElPaso;Fairbanks;GreatFalls;InternationalFalls;NewYork;PortAngeles;Rochester;SanDiego;Seattle
286f4a864a85d9ff9a087b2d2c26fd05d47b66fd6f69afa0fdf4e266c9577927,7,1,commercial_appendix_g,OfficeSmall,2022,Atlanta;Dubai;HoChiMinh;Miami;NewDelhi;Tampa;Tucson
2cd09b38956ce5d29ba192b2ce2f2e51eb4cad607fba85b9769ad4331d26302a,12,1,commercial_appendix_g,HotelLarge,2022,Albuquerque;Buffalo;Denver;ElPaso;Fairbanks;GreatFalls;InternationalFalls;NewYork;PortAngeles;Rochester;SanDiego;Seattle
3118736c2ec288b6e0f5decfc2edd6d536c9add7ea08f7d81c5dd81b5e7234fe,6,1,commercial_iecc,SchoolSecondary,2012,Atlanta;Buffalo;HoChiMinh;Miami;NewYork;Tampa
33ada952f92a0792c524c484b415f7cfd8a792683c81caff9e0dbf5421c32d0d,3,1,commercial_iecc,OfficeLarge,2012,Fairbanks;Miami;Tampa
34072e7ee7eb847d08e912cee282db73b0b78ed370a79f72158bd54ebe9bfdde,12,1,commercial_appendix_g,ApartmentHighRise,2022,Albuquerque;Buffalo;Denver;ElPaso;Fairbanks;GreatFalls;InternationalFalls;NewYork;PortAngeles;Rochester;SanDiego;Seattle
36cec4ac988d22900444a73f6e6d1579f592371b55cf0566d3094f69ede59bb8,21,3,commercial_appendix_g,HotelLarge,2016;2019;2022,Atlanta;Dubai;HoChiMinh;Miami;NewDelhi;Tampa;Tucson
42a4298970b0b24e8e2a48af0abf49d448a165f8489c7d57e45d94ced08bca3b,2,2,commercial_appendix_g,Hospital,2019;2022,SanDiego
4321b90d4cff9a55a327c113c55e6f1bd1c99849246095391fec87c0eb50e829,7,1,commercial_appendix_g,SchoolPrimary,2022,Atlanta;Dubai;HoChiMinh;Miami;NewDelhi;Tampa;Tucson
4394e8e05800bf9418ef2a414198a623345f49b8b08b07850f622f0074a6b59d,7,1,commercial_appendix_g,Hospital,2022,Atlanta;Dubai;HoChiMinh;Miami;NewDelhi;Tampa;Tucson
445b2ce4fa52cc0b7fe6867541592681b9d082eb42fbddf4c6b38b68b7259cd1,76,7,commercial_iecc;commercial_standard,Hospital,2004;2006;2007;2009;2010;2015;2018,Albuquerque;Atlanta;Buffalo;Denver;Dubai;ElPaso;Fairbanks;GreatFalls;HoChiMinh;InternationalFalls;Miami;NewDelhi;NewYork;PortAngeles;Rochester;SanDiego;Seattle;Tampa;Tucson
44eec169332f2479ace91d0410f1a620c8e6cee4bc5b3eec3a42d958f87baf73,6,1,commercial_iecc,OfficeLarge,2012,Atlanta;Buffalo;HoChiMinh;InternationalFalls;NewYork;Rochester
456f2df604f44d635207d09f2810941cf95a694e0986bb7e10e0b038a635ca85,4,1,commercial_appendix_g,SchoolPrimary,2016,Atlanta;HoChiMinh;Miami;Tampa
45768ff39abe1c0c9700100d444f99d25e090706d2fd026b870872436524ee7d,7,1,commercial_appendix_g,SchoolSecondary,2022,Atlanta;Dubai;HoChiMinh;Miami;NewDelhi;Tampa;Tucson
4627b7826b3fb834228fdb0227cec90d78b021684dd9b5a3acf2dc5f0ddcd6bb,50,5,commercial_iecc,OutPatientHealthCare,2006;2012;2015;2018;2021,Albuquerque;Atlanta;Buffalo;Denver;Dubai;ElPaso;Fairbanks;GreatFalls;HoChiMinh;InternationalFalls;Miami;NewDelhi;NewYork;PortAngeles;Rochester;Seattle;Tampa;Tucson
487fbea6cce1ca4408051f9297a516e3ff39ca705eea5080f4483b0eb0078cec,73,15,commercial_appendix_g;commercial_iecc;commercial_standard,SchoolSecondary,2004;2006;2007;2009;2010;2013;2015;2016;2018;2019;2021;2022,Albuquerque;Denver;Dubai;ElPaso;GreatFalls;NewDelhi;PortAngeles;SanDiego;Seattle;Tucson
492a2ea4e082ac79643d773af83270b42e72972ef916edb7be1c817e91f4ffe8,231,13,commercial_iecc;commercial_standard,HotelSmall,2004;2006;2007;2009;2010;2012;2013;2015;2016;2018;2019;2021;2022,Albuquerque;Atlanta;Buffalo;Denver;Dubai;ElPaso;Fairbanks;GreatFalls;HoChiMinh;InternationalFalls;Miami;NewDelhi;NewYork;PortAngeles;Rochester;SanDiego;Seattle;Tampa;Tucson
4d228f61395ddb2682470d4a83508bd7281f8383641f677e56fe547445c2e77f,28,2,commercial_appendix_g,Hospital,2019;2022,Albuquerque;Atlanta;Buffalo;Denver;Dubai;ElPaso;HoChiMinh;Miami;NewDelhi;NewYork;Rochester;Seattle;Tampa;Tucson
4e8ab38b594045d7941f8b7996722abc3fda68be575ca5b6b01299350f4de60b,246,16,commercial_appendix_g;commercial_iecc;commercial_standard,RetailStandalone,2004;2006;2007;2009;2010;2012;2013;2015;2016;2018;2019;2021;2022,Albuquerque;Atlanta;Buffalo;Denver;Dubai;ElPaso;Fairbanks;GreatFalls;HoChiMinh;InternationalFalls;Miami;NewDelhi;NewYork;PortAngeles;Rochester;SanDiego;Seattle;Tampa;Tucson
4f54a5b38320e36c54971aab19eef5b8471aa3c68288790664f58df3b65e3ed5,123,7,commercial_appendix_g;commercial_standard,OutPatientHealthCare,2013;2016;2019;2022,Albuquerque;Atlanta;Buffalo;Denver;Dubai;ElPaso;Fairbanks;GreatFalls;HoChiMinh;InternationalFalls;Miami;NewDelhi;NewYork;PortAngeles;Rochester;SanDiego;Seattle;Tampa;Tucson
5071cbc6f0083cc2ed066efeaf33d4383aa44e10dfae86eeb453ba7c4858ca54,42,11,commercial_appendix_g;commercial_iecc;commercial_standard,SchoolPrimary,2010;2013;2015;2016;2018;2019;2021;2022,Atlanta;Buffalo;Fairbanks;GreatFalls;HoChiMinh;InternationalFalls;Miami;NewYork;PortAngeles;Rochester;Tampa
54a63fc77aaa6371d09cba7e5096209d415812ee954db396ac52c0f8b204ab74,40,4,commercial_standard,OfficeLarge,2013;2016;2019;2022,Albuquerque;Denver;Dubai;ElPaso;GreatFalls;NewDelhi;PortAngeles;SanDiego;Seattle;Tucson
55fcb7952d182784bc119117cf34b376069aeffd85ab8820d4042124222d7cef,20,3,commercial_iecc;commercial_standard,SchoolPrimary,2004;2015;2021,Albuquerque;Atlanta;Buffalo;Denver;Dubai;ElPaso;Fairbanks;GreatFalls;HoChiMinh;InternationalFalls;Miami;NewDelhi;NewYork;PortAngeles;Rochester;Seattle;Tampa;Tucson
583189468bbd6a66010882886b665ff8cb8b90123b0687b8d03aec87aeada4f2,21,3,commercial_appendix_g,HotelSmall,2016;2019;2022,Atlanta;Dubai;HoChiMinh;Miami;NewDelhi;Tampa;Tucson
5b8f64ecf2ba36e7fe823cad9408649fc3aa9617938304527a47d8f60e75a0a5,43,13,commercial_appendix_g;commercial_iecc;commercial_standard,SchoolSecondary,2004;2006;2010;2013;2015;2016;2018;2019;2021;2022,Atlanta;Buffalo;ElPaso;Fairbanks;GreatFalls;HoChiMinh;Miami;NewYork;PortAngeles;Rochester;Seattle;Tampa
5c524196fcd73ee61554c2892a14716e3512ed79d1ece5bc69dde605f38e2ba5,1,1,commercial_iecc,Hospital,2021,SanDiego
5edcb46df1175c7ec8be39e5911afcb52f69315b31eb4a3857a9c84ca81ab547,44,4,commercial_standard,Hospital,2013;2016;2019;2022,Albuquerque;Atlanta;Buffalo;Denver;Dubai;ElPaso;Fairbanks;GreatFalls;HoChiMinh;InternationalFalls;Miami;NewDelhi;NewYork;PortAngeles;Rochester;Seattle;Tampa;Tucson
619d01799a6e6bf43648d5b2439343034a1c22827092f8377646d9a431626cc1,19,3,commercial_appendix_g,RetailStandalone,2016;2019;2022,Atlanta;Dubai;HoChiMinh;Miami;NewDelhi;Tampa;Tucson
62033009646e6485c4d77b473e66d96745e851e6cb05f113b53f50e828898bf9,14,2,commercial_iecc,OfficeLarge,2015;2018,Atlanta;Buffalo;HoChiMinh;Miami;NewYork;Rochester;Tampa
66723b33cf904490fed67aa705dd7e85beafadef848ff5011858603224780a2f,5,3,commercial_iecc;commercial_standard,SchoolPrimary,2010;2018;2021,Dubai;NewDelhi;PortAngeles;Tucson
66f646da6802858c455b4a208b2601d640cc13419586d3cd6baa0b59ffa2f142,10,2,commercial_iecc,OfficeMedium,2012;2021,Atlanta;Buffalo;HoChiMinh;Miami;NewYork;Tampa
67fdb42672e1fd6e3c7251257b8c73076d96ada789bb1f48c69d799c6f5e3e80,21,3,commercial_appendix_g,Warehouse,2016;2019;2022,Atlanta;Dubai;HoChiMinh;Miami;NewDelhi;Tampa;Tucson
6e7fa2eb0958c1303a004e64f08c1bfc06293629d97f83547925241828d74a32,20,2,commercial_iecc,Hospital,2009;2012,Albuquerque;Atlanta;Buffalo;Denver;Dubai;ElPaso;Fairbanks;GreatFalls;InternationalFalls;Miami;NewDelhi;NewYork;PortAngeles;Rochester;SanDiego;Seattle;Tampa;Tucson
73026335f85f29cf03cd5f1abbafb1621fccdd23bd1d9e40473a5fd3fce8c50a,7,1,commercial_iecc,OfficeLarge,2021,Atlanta;Buffalo;HoChiMinh;Miami;NewYork;Rochester;Tampa
74058e762d3af01683ae87cd65fc98d0517713887c92b29e1aec24244c914a89,26,2,commercial_iecc,SchoolPrimary,2006;2012,Albuquerque;Atlanta;Buffalo;Denver;Dubai;ElPaso;Fairbanks;GreatFalls;HoChiMinh;InternationalFalls;Miami;NewDelhi;NewYork;PortAngeles;Rochester;Seattle;Tampa;Tucson
7453566fa634e83c0b7e3df2daeb8d8b027d22db342e80d9f31e304bb9795373,12,3,commercial_appendix_g,SchoolSecondary,2016;2019;2022,Atlanta;HoChiMinh;Miami;Tampa
75a7ebed8eb3c6bcc018ae3d111e768dd36de3ec14cd1eee7c842f93bcf2af57,121,9,commercial_iecc;commercial_standard,OutPatientHealthCare,2004;2006;2007;2009;2010;2012;2015;2018;2021,Albuquerque;Atlanta;Buffalo;Denver;Dubai;ElPaso;Fairbanks;GreatFalls;HoChiMinh;InternationalFalls;Miami;NewDelhi;NewYork;PortAngeles;Rochester;SanDiego;Seattle;Tampa;Tucson
75c86e3e13deee89d4bb91c2a5c3665b0ead2c42f93b2e773aca2aa077539d1f,12,1,commercial_appendix_g,Warehouse,2022,Albuquerque;Buffalo;Denver;ElPaso;Fairbanks;GreatFalls;InternationalFalls;NewYork;PortAngeles;Rochester;SanDiego;Seattle
7ac54be93cbc4e366d4362518fdb90df2a84f9b052e442771f2bc9d30b89997f,16,1,commercial_iecc,ApartmentHighRise,2021,Albuquerque;Atlanta;Denver;Dubai;ElPaso;Fairbanks;GreatFalls;HoChiMinh;Miami;NewDelhi;NewYork;PortAngeles;SanDiego;Seattle;Tampa;Tucson
7b233e6ca5c5ff83d175ecd5c455a3bd44c324eecfb95ca6c4e2b37868a7c77c,84,12,commercial_appendix_g;commercial_iecc;commercial_standard,SchoolPrimary,2009;2012;2013;2015;2016;2018;2019;2021;2022,Albuquerque;Atlanta;Buffalo;Denver;Dubai;ElPaso;Fairbanks;GreatFalls;HoChiMinh;InternationalFalls;Miami;NewDelhi;NewYork;PortAngeles;Rochester;SanDiego;Seattle;Tampa;Tucson
7ba076b7bc646fbc1345ce2282555828f10e7dfc0d097cc31efc7df71c84b3fb,57,13,commercial_appendix_g;commercial_iecc;commercial_standard,SchoolSecondary,2004;2007;2009;2010;2012;2013;2015;2016;2018;2019;2021;2022,Albuquerque;Atlanta;Buffalo;Denver;Dubai;ElPaso;Fairbanks;GreatFalls;HoChiMinh;InternationalFalls;Miami;NewDelhi;NewYork;PortAngeles;Rochester;SanDiego;Seattle;Tampa;Tucson
7c062caa40afca31e9d73f6600649eab96478691538012cd90905eff6d8e4cd3,5,5,commercial_appendix_g;commercial_iecc;commercial_standard,RetailStripmall,2013;2015;2021;2022,Fairbanks;InternationalFalls
7e1879f55ca65e91de9e47374db5b661c4f670cc03875c2c23f40d180bd073c4,56,8,commercial_appendix_g,RestaurantFastFood;RestaurantSitDown,2016;2019;2022,Atlanta;Dubai;HoChiMinh;Miami;NewDelhi;Tampa;Tucson
81998f7d53a619d0fcb2ed5c05a1d44ab6951b8c3065927d590380d039c3e270,7,1,commercial_appendix_g,ApartmentHighRise,2022,Atlanta;Dubai;HoChiMinh;Miami;NewDelhi;Tampa;Tucson
854f278a6b8172c6cedfefe2f040d8cd407c57bcf9cf7e4781874f10590fa58b,16,1,commercial_iecc,HotelSmall,2021,Albuquerque;Atlanta;Denver;Dubai;ElPaso;Fairbanks;GreatFalls;HoChiMinh;Miami;NewDelhi;NewYork;PortAngeles;SanDiego;Seattle;Tampa;Tucson
8780354b41d62813a03f418e79dd6124f1812f46b241f830ce60b1e1cbad81c3,36,3,commercial_appendix_g,ApartmentMidRise,2016;2019;2022,Albuquerque;Buffalo;Denver;ElPaso;Fairbanks;GreatFalls;InternationalFalls;NewYork;PortAngeles;Rochester;SanDiego;Seattle
8a33fd8667b57d7e5867bcfc1a80d149bbd36aec9c8a6104f846de472ffa830a,4,2,commercial_iecc,OfficeLarge,2015;2018,Fairbanks;InternationalFalls
8c6162d9766e0c69f49859d2bb1f6f357a15477d87b3fc453be0ccd2f2eeea21,12,1,commercial_appendix_g,SchoolSecondary,2022,Albuquerque;Buffalo;Denver;ElPaso;Fairbanks;GreatFalls;InternationalFalls;NewYork;PortAngeles;Rochester;SanDiego;Seattle
8e87a524311f9958e4cbdea0614d72018db9f706ab797fc00c0ed43507693f9e,28,2,commercial_standard,Hospital,2019;2022,Albuquerque;Atlanta;Buffalo;Denver;Dubai;ElPaso;HoChiMinh;Miami;NewDelhi;NewYork;Rochester;Seattle;Tampa;Tucson
8f66b135dc3d3514ba065fe8fe0b7a800d04d4c27c1e7dfd02e326918148f63c,2,2,commercial_standard,Hospital,2013;2016,SanDiego
92b8d6eed6d336ea69da38d55c1910f9165690118420dc52e8eb073fa3e1ca39,7,1,commercial_appendix_g,Warehouse,2022,Atlanta;Dubai;HoChiMinh;Miami;NewDelhi;Tampa;Tucson
984fbe16870faa69c6223961ae932c4aae6884721f7e7c3aa9ec0aa624c30fb4,12,1,commercial_appendix_g,HotelSmall,2022,Albuquerque;Buffalo;Denver;ElPaso;Fairbanks;GreatFalls;InternationalFalls;NewYork;PortAngeles;Rochester;SanDiego;Seattle
9b426de1f3d7977feccf1c2e663d6b9500fee34c6fb84f41e6ad445d44dff3e4,1,1,commercial_appendix_g,Hospital,2016,SanDiego
9e5d60051b1d4c7539fe9e59f5e6040fee0b256ef8549b88957f7afdd6b28b61,37,10,commercial_appendix_g;commercial_iecc;commercial_standard,RetailStandalone,2013;2015;2016;2018;2019;2021;2022,Atlanta;Buffalo;Fairbanks;HoChiMinh;InternationalFalls;Miami;NewYork;Rochester;Tampa
9f4e223fa76fe33d59614f43071cb100718c29874ea528ea5ad98931aee5c131,34,4,commercial_iecc;commercial_standard,HotelLarge,2004;2009;2010;2012,Albuquerque;Atlanta;Buffalo;Denver;Dubai;ElPaso;Fairbanks;GreatFalls;HoChiMinh;InternationalFalls;Miami;NewDelhi;NewYork;PortAngeles;Rochester;SanDiego;Seattle;Tampa;Tucson
a1235acccf0d176d8aa497717bdc14c5f1dddd4406771ee2a279921e33755249,8,2,commercial_appendix_g,SchoolPrimary,2019;2022,Atlanta;HoChiMinh;Miami;Tampa
a23faf0a1b83d0a9f7bfdd0f44a99e198d247ebea416af464313506b44640d4e,28,4,commercial_standard,OfficeLarge,2013;2016;2019;2022,Atlanta;Buffalo;HoChiMinh;Miami;NewYork;Rochester;Tampa
a3f4726f9a2a81d52aa68a697c7a33533b7ca4c31dc9e2fb9ca2799cdb53706f,2,1,commercial_iecc,SchoolPrimary,2012,Fairbanks;InternationalFalls
a899e819a35d0450bd1562d06eef5bdb08a14fbb9b162204355997e36e8f4de9,10,1,commercial_standard,OutPatientHealthCare,2013,Atlanta;Buffalo;Fairbanks;GreatFalls;HoChiMinh;InternationalFalls;Miami;NewYork;Rochester;Tampa
aaaefac9a47c58572b82bc6083d02da235ba1cf0f13d1b67ee1bc926b8b5568e,13,5,commercial_standard,SchoolSecondary,2004;2007;2013;2016;2022,Albuquerque;Denver;Dubai;Fairbanks;HoChiMinh;InternationalFalls;Miami;NewDelhi;PortAngeles;Rochester;Seattle;Tucson
afb4ccdeb3d3bd7275dbfd56f46560c5266278305f457ef0e3c2fa4bb669cc5b,13,8,commercial_appendix_g;commercial_iecc;commercial_standard,RetailStripmall,2013;2015;2016;2018;2019;2021,Fairbanks;InternationalFalls
b0d9a7cb51a652322e3c73a84fb7ff4965f216a5e101df02753177417feff9d8,36,14,commercial_appendix_g;commercial_iecc;commercial_standard,HotelLarge,2004;2006;2007;2009;2010;2013;2015;2016;2018;2019;2022,Albuquerque;Atlanta;Buffalo;Denver;Dubai;ElPaso;Fairbanks;GreatFalls;HoChiMinh;InternationalFalls;Miami;NewDelhi;NewYork;PortAngeles;Rochester;SanDiego;Seattle;Tampa;Tucson
b1af7aad4991b69b69f74dc46ae6a881159afd77fd1d3a83c0f968b0c99ada02,7,1,commercial_appendix_g,RetailStripmall,2022,Atlanta;Dubai;HoChiMinh;Miami;NewDelhi;Tampa;Tucson
b3453c2344518085c2e4f3eb67f202b197bcfb994f157fd669842dd333439189,14,7,commercial_iecc;commercial_standard,OfficeMedium,2013;2015;2016;2018;2019;2021;2022,Fairbanks;InternationalFalls
b4a74088df8035a5bebce84ae8bbcb5634e0453325c0e17b25f4dafd8c0ee470,2,1,commercial_iecc,OfficeLarge,2021,Fairbanks;InternationalFalls
b5bde451be099ec48f40c5ef52193e39afe08db837012815e9dfeb852885d313,12,1,commercial_appendix_g,SchoolPrimary,2022,Albuquerque;Buffalo;Denver;ElPaso;Fairbanks;GreatFalls;InternationalFalls;NewYork;PortAngeles;Rochester;SanDiego;Seattle
b643fad2b51edfcd6334182d2e29bdd9afbb69cf3b168c598a752fd3e48c7eb7,125,8,commercial_iecc;commercial_standard,OfficeLarge,2004;2006;2007;2009;2010;2012;2015;2018,Albuquerque;Atlanta;Buffalo;Denver;Dubai;ElPaso;Fairbanks;GreatFalls;HoChiMinh;InternationalFalls;Miami;NewDelhi;NewYork;PortAngeles;Rochester;SanDiego;Seattle;Tampa;Tucson
b7ed01f7f2c62c878fbbc5cc06501c0403320582863a09f00f183aebde0f0237,15,1,commercial_iecc,HotelLarge,2021,Albuquerque;Atlanta;Denver;Dubai;ElPaso;Fairbanks;GreatFalls;HoChiMinh;Miami;NewDelhi;NewYork;PortAngeles;Seattle;Tampa;Tucson
b811ea169789851296a9963515ac3cdff340a17767625ac0fdd8b70cd79f7984,21,3,commercial_appendix_g,ApartmentMidRise,2016;2019;2022,Atlanta;Dubai;HoChiMinh;Miami;NewDelhi;Tampa;Tucson
b919239b448caf189a2b64262430fd48bc89a632a17d566fe2c9de29a41115e0,104,15,commercial_appendix_g;commercial_iecc;commercial_standard,SchoolPrimary,2004;2006;2007;2009;2010;2013;2015;2016;2018;2019;2021;2022,Albuquerque;Atlanta;Buffalo;Denver;Dubai;ElPaso;Fairbanks;GreatFalls;HoChiMinh;InternationalFalls;Miami;NewDelhi;NewYork;PortAngeles;Rochester;SanDiego;Seattle;Tampa;Tucson
b933aa62266bfc6723dc2861b934eb84b7469cef2ae12a961e4ccc30a63d691c,265,16,commercial_appendix_g;commercial_iecc;commercial_standard,RetailStripmall,2004;2006;2007;2009;2010;2012;2013;2015;2016;2018;2019;2021;2022,Albuquerque;Atlanta;Buffalo;Denver;Dubai;ElPaso;Fairbanks;GreatFalls;HoChiMinh;InternationalFalls;Miami;NewDelhi;NewYork;PortAngeles;Rochester;SanDiego;Seattle;Tampa;Tucson
b95dbdc1fdd91d479c91c21ecd09d9bd335e831dad960eaa4bbd6a49d0c1caa1,36,3,commercial_appendix_g,HotelSmall,2016;2019;2022,Albuquerque;Buffalo;Denver;ElPaso;Fairbanks;GreatFalls;InternationalFalls;NewYork;PortAngeles;Rochester;SanDiego;Seattle
bc2c4a77715d4376500893ac9f38889758300ae170f7a975aaf37b2fca677ba4,70,12,commercial_appendix_g;commercial_iecc;commercial_standard,SchoolSecondary,2006;2012;2013;2015;2016;2018;2019;2021;2022,Atlanta;Buffalo;Fairbanks;GreatFalls;HoChiMinh;InternationalFalls;Miami;NewDelhi;NewYork;PortAngeles;Rochester;Seattle;Tampa
be5762d34a75f928aeab80c9e8ce4727a76bc43690772cf72cd177ecb9df9c05,12,1,commercial_appendix_g,ApartmentMidRise,2022,Albuquerque;Buffalo;Denver;ElPaso;Fairbanks;GreatFalls;InternationalFalls;NewYork;PortAngeles;Rochester;SanDiego;Seattle
c0d02d7366c833423d7dbc0e42ba7d4649c5d8f34256d834d0f61714422289a7,231,13,commercial_iecc;commercial_standard,ApartmentMidRise,2004;2006;2007;2009;2010;2012;2013;2015;2016;2018;2019;2021;2022,Albuquerque;Atlanta;Buffalo;Denver;Dubai;ElPaso;Fairbanks;GreatFalls;HoChiMinh;InternationalFalls;Miami;NewDelhi;NewYork;PortAngeles;Rochester;SanDiego;Seattle;Tampa;Tucson
c0e70c38c405507b22d10e03c01990a7009999ca4f0453ed759a0d2634707910,10,1,commercial_iecc,OfficeLarge,2021,Albuquerque;Denver;Dubai;ElPaso;GreatFalls;NewDelhi;PortAngeles;SanDiego;Seattle;Tucson
c80435dfb0eafab11a2fb1f271bbbfc7163711e7e8da6e7a4b7b7dbd8499b4d2,12,3,commercial_appendix_g,OfficeLarge,2016;2019;2022,Atlanta;HoChiMinh;Miami;Tampa
c9444e31ccf3b5d29c1ef1f6f529c9411b6d03a255a1656bab693b6dc6a1568d,197,14,commercial_appendix_g;commercial_iecc;commercial_standard,HotelLarge,2004;2006;2010;2012;2013;2015;2016;2018;2019;2021;2022,Albuquerque;Atlanta;Buffalo;Denver;Dubai;ElPaso;Fairbanks;GreatFalls;HoChiMinh;InternationalFalls;Miami;NewDelhi;NewYork;PortAngeles;Rochester;Seattle;Tampa;Tucson
c947914285912a5e474c8799120e03a3236c4d38545352e088f23f3543a21745,9,3,commercial_appendix_g,OfficeLarge,2016;2019;2022,Dubai;NewDelhi;Tucson
c96d248c622038436a955960419bca87d2c247be7d805f2f21b94e55e97239b7,8,4,commercial_standard,OfficeLarge,2013;2016;2019;2022,Fairbanks;InternationalFalls
c9c8aebed2662c11fbb0c146bf780bcafb34aa5830397967af34b63085bc3115,6,3,commercial_appendix_g,OfficeLarge,2016;2019;2022,Fairbanks;InternationalFalls
cb27ce2c5e2c05186c577be65cd7f8bc5c346bdcfe27cce2399441252574e5e6,15,1,commercial_iecc,Hospital,2021,Albuquerque;Atlanta;Denver;Dubai;ElPaso;Fairbanks;GreatFalls;HoChiMinh;Miami;NewDelhi;NewYork;PortAngeles;Seattle;Tampa;Tucson
cdb9f294300b30055459a079ff026f07f87439ee3a48c19ea871950f84ed8b19,36,3,commercial_appendix_g,OfficeSmall,2016;2019;2022,Albuquerque;Buffalo;Denver;ElPaso;Fairbanks;GreatFalls;InternationalFalls;NewYork;PortAngeles;Rochester;SanDiego;Seattle
cec3f0954755327149b899065b972452af61d6893adc8cd33970ab1bfdd55656,12,1,commercial_appendix_g,RetailStripmall,2022,Albuquerque;Buffalo;Denver;ElPaso;Fairbanks;GreatFalls;InternationalFalls;NewYork;PortAngeles;Rochester;SanDiego;Seattle
cfa5365ffb65b34d35cc5d36fbf9e143fd9b88d1135f18b9c470b79bdf2ee745,12,1,commercial_appendix_g,OfficeSmall,2022,Albuquerque;Buffalo;Denver;ElPaso;Fairbanks;GreatFalls;InternationalFalls;NewYork;PortAngeles;Rochester;SanDiego;Seattle
d14435a9fd037758e70eaafb86697ca5472b95e84d1f353ae1fcb6dd365df352,223,13,commercial_iecc;commercial_standard,OfficeMedium,2004;2006;2007;2009;2010;2012;2013;2015;2016;2018;2019;2021;2022,Albuquerque;Atlanta;Buffalo;Denver;Dubai;ElPaso;Fairbanks;GreatFalls;HoChiMinh;InternationalFalls;Miami;NewDelhi;NewYork;PortAngeles;Rochester;SanDiego;Seattle;Tampa;Tucson
d2ab874a23e687fce002d0865341a048a8ab15b066ef199dad34b823875e4449,2,1,commercial_appendix_g,RetailStandalone,2016,HoChiMinh;Miami
d9b07119cbd41f54d238eb2ef14857ba8e67fc1cce2a620c10a4da0b5e45bf49,21,3,commercial_appendix_g,OfficeLarge,2016;2019;2022,Albuquerque;Denver;ElPaso;GreatFalls;PortAngeles;SanDiego;Seattle
e06f8bdae7893465ccfeca2a731914a7804e3cb9408f6c7ae1c5aeace36e3ebf,7,1,commercial_appendix_g,HotelSmall,2022,Atlanta;Dubai;HoChiMinh;Miami;NewDelhi;Tampa;Tucson
e1254085c89cb6ce49eca258a0d46c79fd6ca9236983a74c8107669418357722,21,3,commercial_appendix_g,OfficeMedium,2016;2019;2022,Atlanta;Dubai;HoChiMinh;Miami;NewDelhi;Tampa;Tucson
e379e60d3fed6c7a2e6466a6d068da01d1acf6e23665f7eb63653813e201357f,9,3,commercial_appendix_g,OfficeLarge,2016;2019;2022,Buffalo;NewYork;Rochester
e48df6624572158a1c781c7069cc5558065684e882995b33a9d600fa2cd641f9,6,3,commercial_appendix_g,OfficeMedium,2016;2019;2022,Fairbanks;InternationalFalls
e8f5e4b3565488daff9e58f771d9a5a877a8377a99817a7f1ad75ffdf5c07048,283,16,commercial_appendix_g;commercial_iecc;commercial_standard,Warehouse,2004;2006;2007;2009;2010;2012;2013;2015;2016;2018;2019;2021;2022,Albuquerque;Atlanta;Buffalo;Denver;Dubai;ElPaso;Fairbanks;GreatFalls;HoChiMinh;InternationalFalls;Miami;NewDelhi;NewYork;PortAngeles;Rochester;SanDiego;Seattle;Tampa;Tucson
eee62a6504321a129cb9198e519020667d56daec06111018b243b5b9b3183162,2,2,commercial_iecc;commercial_standard,SchoolSecondary,2004;2021,GreatFalls;NewDelhi
ef1116c80f2465afc35f45547e13efdb0878124659a3eb19d95020d29d2c7607,7,1,commercial_appendix_g,HotelLarge,2022,Atlanta;Dubai;HoChiMinh;Miami;NewDelhi;Tampa;Tucson
f041b373c260ccbfd9c66d67246a0daf04c2f28a03e744ce95c3bd49978390b9,26,3,commercial_appendix_g,Hospital,2016;2019;2022,Albuquerque;Atlanta;Buffalo;Denver;Dubai;ElPaso;Fairbanks;GreatFalls;HoChiMinh;InternationalFalls;Miami;NewDelhi;NewYork;PortAngeles;Rochester;Seattle;Tampa;Tucson
f406f58ca1f98efee7e16814220b5eb2eaa4651870ef825a47d9e00fc7cf8390,136,8,commercial_appendix_g;commercial_iecc;commercial_standard,ApartmentHighRise,2016;2018;2019;2021;2022,Albuquerque;Atlanta;Buffalo;Denver;Dubai;ElPaso;Fairbanks;GreatFalls;HoChiMinh;InternationalFalls;Miami;NewDelhi;NewYork;PortAngeles;Rochester;SanDiego;Seattle;Tampa;Tucson
f7229541e4c12a89cda99167daa2253f2c3b343cfa61a8e425ff6012007e0691,21,3,commercial_appendix_g,RetailStripmall,2016;2019;2022,Atlanta;Dubai;HoChiMinh;Miami;NewDelhi;Tampa;Tucson
fa289bc7c987877c421465aead33866cd6de6ccd4fe0f8a7160a7f9e4561a236,7,1,commercial_appendix_g,RetailStandalone,2022,Atlanta;Dubai;HoChiMinh;Miami;NewDelhi;Tampa;Tucson
fb53b421569d6f3bcc16f1df89bbf8e1f0fecb79aad4859d79f76b966473fa1e,16,1,commercial_iecc,ApartmentMidRise,2021,Albuquerque;Atlanta;Denver;Dubai;ElPaso;Fairbanks;GreatFalls;HoChiMinh;Miami;NewDelhi;NewYork;PortAngeles;SanDiego;Seattle;Tampa;Tucson
fccf408c574613e888fd4c6f818d6f56423ad7e03fb7013667981ca6497cc351,152,8,commercial_iecc;commercial_standard,ApartmentHighRise,2004;2006;2007;2009;2010;2012;2013;2015,Albuquerque;Atlanta;Buffalo;Denver;Dubai;ElPaso;Fairbanks;GreatFalls;HoChiMinh;InternationalFalls;Miami;NewDelhi;NewYork;PortAngeles;Rochester;SanDiego;Seattle;Tampa;Tucson
fd0e2de75f6688d528022489fe0d3bd11f0a96e81c34979360b84a0db05be059,12,1,commercial_appendix_g,Hospital,2022,Albuquerque;Buffalo;Denver;ElPaso;Fairbanks;GreatFalls;InternationalFalls;NewYork;PortAngeles;Rochester;SanDiego;Seattle
fd8ec6116a978d0419c3b587799bf66c6b2d55a9336be7ca3b85d77b522b01e0,590,34,commercial_appendix_g;commercial_iecc;commercial_standard,RestaurantFastFood;RestaurantSitDown,2004;2006;2007;2009;2010;2012;2013;2015;2016;2018;2019;2021;2022,Albuquerque;Atlanta;Buffalo;Denver;Dubai;ElPaso;Fairbanks;GreatFalls;HoChiMinh;InternationalFalls;Miami;NewDelhi;NewYork;PortAngeles;Rochester;SanDiego;Seattle;Tampa;Tucson
