scenario_id,dimension,group,seeds,spaces_supported,space_time_intervals,spaces_over_1,ratio_over_1_count,ratio_over_1_percent,ratio_over_1_5_count,ratio_over_1_5_percent,ratio_over_2_count,ratio_over_2_percent,p50,p90,p95,p99,maximum
BASELINE_SPREAD,function,arrival_exit,5,6,2880,0,0,0.0,0,0.0,0,0.0,0.04267875529790834,0.09420454105343058,0.1393699839900795,0.2090562631901927,0.4184055703069251
BASELINE_SPREAD,function,baggage_claim,5,4,1920,4,763,39.739583333333336,197,10.260416666666666,32,1.6666666666666667,0.863312404220991,1.5027319508022279,1.6890282840305353,2.1051816412124165,2.715850733419317
BASELINE_SPREAD,function,breakroom,5,9,4320,9,68,1.574074074074074,30,0.6944444444444444,9,0.20833333333333334,0.0,0.0,0.0,1.358989744377988,3.293645953241473
BASELINE_SPREAD,function,central_hall,5,21,10080,18,3387,33.60119047619048,1867,18.5218253968254,951,9.43452380952381,0.5801892614476111,1.944865536355283,2.360037071265526,3.239334217136539,5.9897060142709275
BASELINE_SPREAD,function,commercial,5,51,24480,16,1134,4.632352941176471,1072,4.379084967320261,1011,4.129901960784314,0.0,0.0,0.2815730563342739,9.168795965164499,43.27380764764149
BASELINE_SPREAD,function,concourse,5,15,7200,15,2121,29.458333333333332,1189,16.51388888888889,645,8.958333333333334,0.5452658677174597,1.8893722853572044,2.432816695164378,3.7802558326317075,9.4144111836003
BASELINE_SPREAD,function,departure_entry,5,2,960,2,712,74.16666666666667,666,69.375,629,65.52083333333333,2.9843895485155576,4.568734677722652,5.033773910395829,5.662617429467806,6.814243478728805
BASELINE_SPREAD,function,domestic_waiting,5,63,30240,63,18743,61.980820105820115,15004,49.616402116402114,11219,37.09986772486772,1.483014701723453,3.5247881205807516,4.179059525077367,5.768628522602084,12.937558448254988
BASELINE_SPREAD,function,international_arrival,5,13,6240,7,50,0.8012820512820512,20,0.3205128205128205,11,0.1762820512820513,0.0,0.35772191681572457,0.5752850013994825,0.89273478967165,2.1598457781340006
BASELINE_SPREAD,function,international_hall,5,2,960,0,0,0.0,0,0.0,0,0.0,0.024164253217552917,0.05072594924905499,0.06082915522434444,0.0801752843385021,0.1081224869195979
BASELINE_SPREAD,function,office,5,65,31200,65,7689,24.644230769230766,4564,14.62820512820513,1853,5.939102564102564,0.0,1.7898067147653727,2.160682634681736,3.1314147732130406,4.623896848898278
BASELINE_SPREAD,function,restaurant,5,22,10560,6,445,4.214015151515151,377,3.5700757575757573,309,2.9261363636363638,0.0,0.0,0.3321283527033533,4.806968091451255,17.366124592548054
BASELINE_SPREAD,function,transfer,5,3,1440,0,0,0.0,0,0.0,0,0.0,0.12362470397979114,0.2898063898691624,0.3601316145669016,0.4948484438502069,0.7796167205992971
BASELINE_SPREAD,hvac_group,hvac_group_01,5,12,5760,12,1279,22.20486111111111,502,8.715277777777777,64,1.1111111111111112,0.0,1.4956790462916918,1.6602951909427444,2.2114084314234344,2.948544575231245
BASELINE_SPREAD,hvac_group,hvac_group_02,5,14,6720,6,1475,21.949404761904763,863,12.842261904761903,661,9.836309523809524,0.07118155111378505,1.9496626372962256,3.518382028694011,4.8224699592306495,6.814243478728805
BASELINE_SPREAD,hvac_group,hvac_group_03,5,2,960,2,287,29.895833333333332,124,12.916666666666668,0,0.0,0.0,1.570008865437232,1.6643132169389976,1.8840106385246793,1.8840106385246793
BASELINE_SPREAD,hvac_group,hvac_group_04,5,41,19680,17,3112,15.813008130081302,1685,8.5619918699187,839,4.263211382113822,0.024593623899502138,1.3747771699038076,1.8723848956266222,2.840080454641723,5.9897060142709275
BASELINE_SPREAD,hvac_group,hvac_group_05,5,14,6720,14,1268,18.86904761904762,801,11.919642857142858,315,4.6875,0.0,1.8090796146759773,1.9984563434429734,3.005259222237078,4.623896848898278
BASELINE_SPREAD,hvac_group,hvac_group_06,5,30,14400,17,4295,29.82638888888889,3197,22.20138888888889,2274,15.791666666666668,0.0,2.5691944102646964,3.2492130600327593,4.994381183681668,12.937558448254988
BASELINE_SPREAD,hvac_group,hvac_group_07,5,20,9600,20,2182,22.729166666666668,1528,15.916666666666668,821,8.552083333333334,0.0,1.811362203809819,2.4886244772725696,3.2216520865776714,3.5787597408149034
BASELINE_SPREAD,hvac_group,hvac_group_08,5,27,12960,18,3950,30.478395061728396,2960,22.839506172839506,2134,16.46604938271605,0.14320841140637558,2.5916666383092717,3.330040198599126,4.9411446377916475,10.35004675860399
BASELINE_SPREAD,hvac_group,hvac_group_09,5,6,2880,6,793,27.534722222222225,348,12.083333333333334,61,2.118055555555556,0.0,1.6285643193545747,1.9843454865269463,2.2558039490838384,2.3812145838323358
BASELINE_SPREAD,hvac_group,hvac_group_10,5,13,6240,7,50,0.8012820512820512,20,0.3205128205128205,11,0.1762820512820513,0.0,0.35772191681572457,0.5752850013994825,0.89273478967165,2.1598457781340006
BASELINE_SPREAD,hvac_group,hvac_group_11,5,6,2880,6,545,18.92361111111111,414,14.374999999999998,224,7.777777777777778,0.0,1.8193490821130403,2.441771491582664,3.8965923481686167,3.8965923481686167
BASELINE_SPREAD,hvac_group,hvac_group_12,5,45,21600,45,8240,38.148148148148145,6632,30.703703703703706,5180,23.98148148148148,0.0,3.5005965157740113,4.895347005630185,9.855994709438818,43.27380764764149
BASELINE_SPREAD,hvac_group,hvac_group_13,5,14,6720,14,1403,20.87797619047619,877,13.050595238095239,377,5.6101190476190474,0.0,1.7223415791411312,2.160682634681736,2.9204839934882134,3.1813026840000003
BASELINE_SPREAD,hvac_group,hvac_group_14,5,32,15360,21,6233,40.579427083333336,5035,32.77994791666667,3708,24.140625,0.4474152068980847,3.083920871142116,3.7143441230518097,5.175023379301995,8.040102374646874
BASELINE_SPREAD,region,central_sector_1,5,26,12480,18,2754,22.067307692307693,1365,10.9375,725,5.809294871794872,0.02850675848275772,1.5191892976023833,2.509652653398891,4.366269159732001,6.814243478728805
BASELINE_SPREAD,region,central_sector_2,5,43,20640,19,3399,16.468023255813954,1809,8.76453488372093,839,4.0649224806201545,0.01775859366434937,1.4093338167534741,1.857367810500955,2.815614276624969,5.9897060142709275
BASELINE_SPREAD,region,northeast_pier,5,44,21120,31,5563,26.339962121212125,3998,18.929924242424242,2589,12.258522727272728,0.0,2.2369608359179143,2.9372406746539568,4.623896848898278,12.937558448254988
BASELINE_SPREAD,region,northwest_pier,5,47,22560,38,6132,27.180851063829785,4488,19.893617021276597,2955,13.09840425531915,0.0,2.3345051765210876,3.0280650088414447,4.360998782061056,10.35004675860399
BASELINE_SPREAD,region,south_central_pier,5,19,9120,13,843,9.243421052631579,368,4.035087719298246,72,0.7894736842105263,0.0,0.7839239352007475,1.3469594400975513,1.9843454865269463,2.3812145838323358
BASELINE_SPREAD,region,southeast_pier,5,51,24480,51,8785,35.88643790849673,7046,28.782679738562088,5404,22.07516339869281,0.0,3.343917892560271,4.632099061190654,9.338426904470662,43.27380764764149
BASELINE_SPREAD,region,southwest_pier,5,46,22080,35,7636,34.583333333333336,5912,26.77536231884058,4085,18.50090579710145,0.0,2.740495921905042,3.3988550933717128,4.75653027933125,8.040102374646874
BASELINE_SPREAD,whole_model,whole_model,5,276,132480,205,35112,26.503623188405793,24986,18.86020531400966,16669,12.58227657004831,0.0,2.3197267176997904,3.1314147732130406,5.1774222536470855,43.27380764764149
DOUBLE_BANK,function,arrival_exit,5,6,2880,0,0,0.0,0,0.0,0,0.0,0.010438750588020648,0.14142676957145955,0.1740713286317094,0.2787403283975795,0.5144707056705201
DOUBLE_BANK,function,baggage_claim,5,4,1920,4,658,34.270833333333336,585,30.46875,448,23.333333333333332,0.23235474312504895,2.6334997989869566,2.893087577970049,3.5076693966978376,4.843524578167537
DOUBLE_BANK,function,breakroom,5,9,4320,9,68,1.574074074074074,30,0.6944444444444444,9,0.20833333333333334,0.0,0.0,0.0,1.358989744377988,3.293645953241473
DOUBLE_BANK,function,central_hall,5,21,10080,21,2746,27.24206349206349,2217,21.99404761904762,1708,16.944444444444446,0.2039614287180026,2.7945671210573435,3.658338225520864,4.977877774333361,7.795988584350004
DOUBLE_BANK,function,commercial,5,51,24480,16,1036,4.23202614379085,975,3.9828431372549016,929,3.7949346405228757,0.0,0.0,0.0,9.973158484522024,49.582515017402415
DOUBLE_BANK,function,concourse,5,15,7200,15,1942,26.97222222222222,1411,19.59722222222222,1022,14.194444444444446,0.0,2.438652534281102,3.351370419227597,5.701252018101752,12.798206426900348
DOUBLE_BANK,function,departure_entry,5,2,960,2,390,40.625,345,35.9375,326,33.958333333333336,0.6696017991206542,7.701540759302438,8.202418727435298,9.249033641537432,9.921501323396262
DOUBLE_BANK,function,domestic_waiting,5,63,30240,63,12771,42.232142857142854,11162,36.911375661375665,9981,33.00595238095238,0.5942761634587614,4.983221168407986,5.954766532035712,8.187313668524405,17.49884026170601
DOUBLE_BANK,function,international_arrival,5,13,6240,12,104,1.6666666666666667,27,0.4326923076923077,18,0.2884615384615385,0.0,0.42671589600068516,0.6209066394959144,1.170800376708985,2.1598457781340006
DOUBLE_BANK,function,international_hall,5,2,960,0,0,0.0,0,0.0,0,0.0,0.010719528012312764,0.08184905161009046,0.097927359263391,0.12123967867869598,0.1698497331878639
DOUBLE_BANK,function,office,5,65,31200,65,7689,24.644230769230766,4564,14.62820512820513,1853,5.939102564102564,0.0,1.7898067147653727,2.160682634681736,3.1314147732130406,4.623896848898278
DOUBLE_BANK,function,restaurant,5,22,10560,6,404,3.8257575757575752,335,3.172348484848485,283,2.679924242424242,0.0,0.0,0.0,5.125636703669446,18.31769519421901
DOUBLE_BANK,function,transfer,5,3,1440,0,0,0.0,0,0.0,0,0.0,0.009367491171294285,0.43574100278265165,0.5241481446521249,0.7171608842388636,0.9750894527963948
DOUBLE_BANK,hvac_group,hvac_group_01,5,12,5760,12,1279,22.20486111111111,502,8.715277777777777,64,1.1111111111111112,0.0,1.4956790462916918,1.6602951909427444,2.2114084314234344,2.948544575231245
DOUBLE_BANK,hvac_group,hvac_group_02,5,14,6720,6,1048,15.595238095238095,930,13.839285714285715,774,11.517857142857142,0.028469722035478037,2.2483912720050205,3.535075967493741,7.93388901671341,9.921501323396262
DOUBLE_BANK,hvac_group,hvac_group_03,5,2,960,2,287,29.895833333333332,124,12.916666666666668,0,0.0,0.0,1.570008865437232,1.6643132169389976,1.8840106385246793,1.8840106385246793
DOUBLE_BANK,hvac_group,hvac_group_04,5,41,19680,20,2571,13.064024390243903,2058,10.457317073170731,1572,7.987804878048781,0.0,1.5836628684483136,2.6997119264607816,4.357966938168207,7.795988584350004
DOUBLE_BANK,hvac_group,hvac_group_05,5,14,6720,14,1268,18.86904761904762,801,11.919642857142858,315,4.6875,0.0,1.8090796146759773,1.9984563434429734,3.005259222237078,4.623896848898278
DOUBLE_BANK,hvac_group,hvac_group_06,5,30,14400,17,3034,21.069444444444443,2564,17.805555555555554,2198,15.263888888888888,0.0,3.189135782743785,4.793153485991158,7.2405097465585015,17.49884026170601
DOUBLE_BANK,hvac_group,hvac_group_07,5,20,9600,20,2182,22.729166666666668,1528,15.916666666666668,821,8.552083333333334,0.0,1.811362203809819,2.4886244772725696,3.2216520865776714,3.5787597408149034
DOUBLE_BANK,hvac_group,hvac_group_08,5,27,12960,18,2980,22.993827160493826,2432,18.765432098765434,2070,15.972222222222221,0.0,3.2304236461040956,4.723895854156226,6.918781618045596,12.935407207251382
DOUBLE_BANK,hvac_group,hvac_group_09,5,6,2880,6,793,27.534722222222225,348,12.083333333333334,61,2.118055555555556,0.0,1.6285643193545747,1.9843454865269463,2.2558039490838384,2.3812145838323358
DOUBLE_BANK,hvac_group,hvac_group_10,5,13,6240,12,104,1.6666666666666667,27,0.4326923076923077,18,0.2884615384615385,0.0,0.42671589600068516,0.6209066394959144,1.170800376708985,2.1598457781340006
DOUBLE_BANK,hvac_group,hvac_group_11,5,6,2880,6,545,18.92361111111111,414,14.374999999999998,224,7.777777777777778,0.0,1.8193490821130403,2.441771491582664,3.8965923481686167,3.8965923481686167
DOUBLE_BANK,hvac_group,hvac_group_12,5,45,21600,45,6067,28.087962962962965,5288,24.48148148148148,4723,21.86574074074074,0.0,4.5413319062857544,6.023906171276947,10.962519946084653,49.582515017402415
DOUBLE_BANK,hvac_group,hvac_group_13,5,14,6720,14,1403,20.87797619047619,877,13.050595238095239,377,5.6101190476190474,0.0,1.7223415791411312,2.160682634681736,2.9204839934882134,3.1813026840000003
DOUBLE_BANK,hvac_group,hvac_group_14,5,32,15360,21,4247,27.649739583333332,3758,24.466145833333332,3360,21.875,0.0,4.169324079480855,5.249115321095259,7.368717685624022,14.090774741584625
DOUBLE_BANK,region,central_sector_1,5,26,12480,18,2327,18.645833333333332,1432,11.474358974358974,838,6.714743589743589,0.0,1.6310975422870504,2.4336701063177144,7.402780388299028,9.921501323396262
DOUBLE_BANK,region,central_sector_2,5,43,20640,22,2858,13.846899224806203,2182,10.571705426356589,1572,7.616279069767441,0.0,1.5805637564516914,2.646373552897578,4.335101933242916,7.795988584350004
DOUBLE_BANK,region,northeast_pier,5,44,21120,31,4302,20.369318181818183,3365,15.932765151515152,2513,11.898674242424242,0.0,2.4670940963790855,4.01835256819297,6.570176721894244,17.49884026170601
DOUBLE_BANK,region,northwest_pier,5,47,22560,38,5162,22.881205673758863,3960,17.5531914893617,2891,12.814716312056737,0.0,2.4601188691570037,3.5787597408149034,6.30760482588065,12.935407207251382
DOUBLE_BANK,region,south_central_pier,5,19,9120,18,897,9.835526315789474,375,4.111842105263158,79,0.8662280701754386,0.0,0.9431669980404535,1.3469594400975513,1.9843454865269463,2.3812145838323358
DOUBLE_BANK,region,southeast_pier,5,51,24480,51,6612,27.009803921568626,5702,23.29248366013072,4947,20.208333333333332,0.0,4.246514733704693,5.7350363242964,10.34658416856072,49.582515017402415
DOUBLE_BANK,region,southwest_pier,5,46,22080,35,5650,25.588768115942027,4635,20.991847826086957,3737,16.92481884057971,0.0,3.4137312336056844,4.753052179312439,6.751137158900244,14.090774741584625
DOUBLE_BANK,whole_model,whole_model,5,276,132480,213,27808,20.990338164251206,21651,16.34284420289855,16577,12.512832125603865,0.0,2.5315253164374587,4.1147470718057635,7.087445588683115,49.582515017402415
EVENING_BANK,function,arrival_exit,5,6,2880,0,0,0.0,0,0.0,0,0.0,0.0,0.21344624214614424,0.2747049615019552,0.3599941439446167,0.6541073085299931
EVENING_BANK,function,baggage_claim,5,4,1920,4,340,17.708333333333336,338,17.604166666666668,331,17.239583333333332,0.1535920053835903,4.331972362298421,4.8546674903681115,5.714911783746295,8.55162537759925
EVENING_BANK,function,breakroom,5,9,4320,9,68,1.574074074074074,30,0.6944444444444444,9,0.20833333333333334,0.0,0.0,0.0,1.358989744377988,3.293645953241473
EVENING_BANK,function,central_hall,5,21,10080,21,1770,17.559523809523807,1467,14.553571428571429,1356,13.452380952380953,0.0,3.435771929202378,5.3308545945158965,7.927500158457515,11.534667075669848
EVENING_BANK,function,commercial,5,51,24480,16,863,3.525326797385621,821,3.3537581699346406,792,3.2352941176470593,0.0,0.0,0.0,10.781373122075596,59.169394781117
EVENING_BANK,function,concourse,5,15,7200,15,1354,18.805555555555557,1124,15.611111111111112,977,13.569444444444445,0.0,2.958292884348265,4.588566727133454,8.436065624469927,15.542828911095786
EVENING_BANK,function,departure_entry,5,2,960,2,245,25.520833333333332,185,19.270833333333336,170,17.708333333333336,0.5593102160888379,12.85908954639895,14.428562439616556,15.95035428158985,17.704226207598953
EVENING_BANK,function,domestic_waiting,5,63,30240,63,8247,27.271825396825395,6828,22.57936507936508,6179,20.43320105820106,0.10184623072734544,7.21435544212871,9.142314921483067,12.22457870817858,26.05928295904784
EVENING_BANK,function,international_arrival,5,13,6240,13,170,2.7243589743589745,50,0.8012820512820512,24,0.38461538461538464,0.0,0.43376653069779625,0.6837927240042759,1.4040372768771254,3.48048801211142
EVENING_BANK,function,international_hall,5,2,960,0,0,0.0,0,0.0,0,0.0,0.0,0.11842159367553266,0.1553682666790319,0.19353355366835512,0.22775649566691863
EVENING_BANK,function,office,5,65,31200,65,7689,24.644230769230766,4564,14.62820512820513,1853,5.939102564102564,0.0,1.7898067147653727,2.160682634681736,3.1314147732130406,4.623896848898278
EVENING_BANK,function,restaurant,5,22,10560,6,346,3.276515151515152,296,2.803030303030303,255,2.414772727272727,0.0,0.0,0.0,5.403610403995074,22.742800484449003
EVENING_BANK,function,transfer,5,3,1440,3,22,1.5277777777777777,0,0.0,0,0.0,0.0,0.6147830245838828,0.8081083775023048,1.0830017524977453,1.4621503656581745
EVENING_BANK,hvac_group,hvac_group_01,5,12,5760,12,1279,22.20486111111111,502,8.715277777777777,64,1.1111111111111112,0.0,1.4956790462916918,1.6602951909427444,2.2114084314234344,2.948544575231245
EVENING_BANK,hvac_group,hvac_group_02,5,14,6720,6,585,8.705357142857142,523,7.782738095238095,501,7.455357142857142,0.010439842723940286,0.7904798317540214,4.412559589890027,13.740318835414843,17.704226207598953
EVENING_BANK,hvac_group,hvac_group_03,5,2,960,2,287,29.895833333333332,124,12.916666666666668,0,0.0,0.0,1.570008865437232,1.6643132169389976,1.8840106385246793,1.8840106385246793
EVENING_BANK,hvac_group,hvac_group_04,5,41,19680,23,1689,8.582317073170733,1380,7.01219512195122,1272,6.463414634146342,0.0,0.7487475558626451,3.25932740915097,6.850159853926302,11.534667075669848
EVENING_BANK,hvac_group,hvac_group_05,5,14,6720,14,1268,18.86904761904762,801,11.919642857142858,315,4.6875,0.0,1.8090796146759773,1.9984563434429734,3.005259222237078,4.623896848898278
EVENING_BANK,hvac_group,hvac_group_06,5,30,14400,17,1947,13.520833333333334,1643,11.409722222222223,1494,10.375,0.0,2.2394168737162814,6.319538757049064,11.083831980227462,26.05928295904784
EVENING_BANK,hvac_group,hvac_group_07,5,20,9600,20,2182,22.729166666666668,1528,15.916666666666668,821,8.552083333333334,0.0,1.811362203809819,2.4886244772725696,3.2216520865776714,3.5787597408149034
EVENING_BANK,hvac_group,hvac_group_08,5,27,12960,18,1947,15.023148148148149,1622,12.515432098765434,1452,11.203703703703702,0.0,2.5875116896509973,6.411907629350221,10.7878564452106,18.613243668875388
EVENING_BANK,hvac_group,hvac_group_09,5,6,2880,6,793,27.534722222222225,348,12.083333333333334,61,2.118055555555556,0.0,1.6285643193545747,1.9843454865269463,2.2558039490838384,2.3812145838323358
EVENING_BANK,hvac_group,hvac_group_10,5,13,6240,13,170,2.7243589743589745,50,0.8012820512820512,24,0.38461538461538464,0.0,0.43376653069779625,0.6837927240042759,1.4040372768771254,3.48048801211142
EVENING_BANK,hvac_group,hvac_group_11,5,6,2880,6,545,18.92361111111111,414,14.374999999999998,224,7.777777777777778,0.0,1.8193490821130403,2.441771491582664,3.8965923481686167,3.8965923481686167
EVENING_BANK,hvac_group,hvac_group_12,5,45,21600,45,4280,19.814814814814817,3617,16.74537037037037,3290,15.231481481481483,0.0,5.274542589192958,8.40983003144347,13.4786746287218,59.169394781117
EVENING_BANK,hvac_group,hvac_group_13,5,14,6720,14,1403,20.87797619047619,877,13.050595238095239,377,5.6101190476190474,0.0,1.7223415791411312,2.160682634681736,2.9204839934882134,3.1813026840000003
EVENING_BANK,hvac_group,hvac_group_14,5,32,15360,21,2739,17.83203125,2274,14.8046875,2051,13.352864583333332,0.0,4.7763842130794885,7.913374667706892,11.323950271233645,16.857453177776197
EVENING_BANK,region,central_sector_1,5,26,12480,18,1864,14.935897435897436,1025,8.213141025641026,565,4.527243589743589,0.0,1.3801594588582735,1.8708460451565152,12.156599285207827,17.704226207598953
EVENING_BANK,region,central_sector_2,5,43,20640,25,1976,9.573643410852712,1504,7.286821705426356,1272,6.162790697674419,0.0,0.9399360950378409,3.110537586119675,6.792374438080903,11.534667075669848
EVENING_BANK,region,northeast_pier,5,44,21120,31,3215,15.222537878787879,2444,11.571969696969697,1809,8.565340909090908,0.0,1.8824454456373554,4.279482088550142,10.097017175251347,26.05928295904784
EVENING_BANK,region,northwest_pier,5,47,22560,38,4129,18.302304964539008,3150,13.962765957446807,2273,10.075354609929079,0.0,2.029178756516747,3.410750148041739,9.819512084748382,18.613243668875388
EVENING_BANK,region,south_central_pier,5,19,9120,19,963,10.55921052631579,398,4.364035087719298,85,0.9320175438596491,0.0,1.0447030938155526,1.4476127283151774,1.9843454865269463,3.48048801211142
EVENING_BANK,region,southeast_pier,5,51,24480,51,4825,19.709967320261438,4031,16.466503267973856,3514,14.354575163398692,0.0,4.38351802256131,8.017109403889101,12.907482297567181,59.169394781117
EVENING_BANK,region,southwest_pier,5,46,22080,35,4142,18.759057971014492,3151,14.270833333333332,2428,10.996376811594203,0.0,2.276958049041395,6.721538415305326,10.681309897305407,16.857453177776197
EVENING_BANK,whole_model,whole_model,5,276,132480,217,21114,15.937499999999998,15703,11.853109903381643,11946,9.017210144927535,0.0,1.811362203809819,4.679735801617736,10.368128798756358,59.169394781117
MIDDAY_BANK,function,arrival_exit,5,6,2880,0,0,0.0,0,0.0,0,0.0,0.0,0.2094429199421784,0.27294042448893,0.3522553070215638,0.654107308530001
MIDDAY_BANK,function,baggage_claim,5,4,1920,4,342,17.8125,337,17.552083333333332,330,17.1875,0.16611400109642027,4.298144350070615,4.7849012753139775,5.675624237609718,8.226796036530205
MIDDAY_BANK,function,breakroom,5,9,4320,9,68,1.574074074074074,30,0.6944444444444444,9,0.20833333333333334,0.0,0.0,0.0,1.358989744377988,3.293645953241473
MIDDAY_BANK,function,central_hall,5,21,10080,21,1771,17.569444444444443,1468,14.563492063492065,1355,13.442460317460316,0.0,3.4193630865028832,5.32478137175619,7.95999795573788,11.952575391642672
MIDDAY_BANK,function,commercial,5,51,24480,16,846,3.4558823529411766,806,3.2924836601307192,782,3.194444444444444,0.0,0.0,0.0,10.800492156354448,67.88091163702491
MIDDAY_BANK,function,concourse,5,15,7200,15,1352,18.777777777777775,1120,15.555555555555555,983,13.652777777777777,0.0,2.9697378366693306,4.611952359818027,8.357492726644114,14.844330865100984
MIDDAY_BANK,function,departure_entry,5,2,960,2,241,25.104166666666668,181,18.854166666666668,170,17.708333333333336,0.5314208673060743,12.933673264241312,14.473702771286048,15.969213253995301,18.04473607378831
MIDDAY_BANK,function,domestic_waiting,5,63,30240,63,8123,26.86177248677249,6779,22.41732804232804,6139,20.300925925925924,0.07674509821865723,7.208883373923685,9.18002212621424,12.236696212697954,26.871879920225044
MIDDAY_BANK,function,international_arrival,5,13,6240,13,165,2.644230769230769,47,0.7532051282051282,24,0.38461538461538464,0.0,0.4409484749451248,0.6837927240042759,1.3770695450351838,3.48048801211142
MIDDAY_BANK,function,international_hall,5,2,960,0,0,0.0,0,0.0,0,0.0,0.0,0.11768556358843235,0.1514809616153753,0.19435828564185742,0.241265361604885
MIDDAY_BANK,function,office,5,65,31200,65,7689,24.644230769230766,4564,14.62820512820513,1853,5.939102564102564,0.0,1.7898067147653727,2.160682634681736,3.1314147732130406,4.623896848898278
MIDDAY_BANK,function,restaurant,5,22,10560,6,339,3.210227272727273,288,2.727272727272727,251,2.3768939393939394,0.0,0.0,0.0,5.529078987976506,23.83294187999457
MIDDAY_BANK,function,transfer,5,3,1440,3,23,1.597222222222222,0,0.0,0,0.0,0.0,0.5863487221811517,0.7823783354884417,1.088285272281355,1.4621503656581745
MIDDAY_BANK,hvac_group,hvac_group_01,5,12,5760,12,1279,22.20486111111111,502,8.715277777777777,64,1.1111111111111112,0.0,1.4956790462916918,1.6602951909427444,2.2114084314234344,2.948544575231245
MIDDAY_BANK,hvac_group,hvac_group_02,5,14,6720,6,583,8.675595238095237,518,7.708333333333334,500,7.440476190476191,0.010451266417290158,0.7754441089781595,4.390611762809318,13.793894368360544,18.04473607378831
MIDDAY_BANK,hvac_group,hvac_group_03,5,2,960,2,287,29.895833333333332,124,12.916666666666668,0,0.0,0.0,1.570008865437232,1.6643132169389976,1.8840106385246793,1.8840106385246793
MIDDAY_BANK,hvac_group,hvac_group_04,5,41,19680,23,1690,8.58739837398374,1378,7.002032520325203,1271,6.458333333333334,0.0,0.7458696157842445,3.243113376833457,6.916806207114565,11.952575391642672
MIDDAY_BANK,hvac_group,hvac_group_05,5,14,6720,14,1268,18.86904761904762,801,11.919642857142858,315,4.6875,0.0,1.8090796146759773,1.9984563434429734,3.005259222237078,4.623896848898278
MIDDAY_BANK,hvac_group,hvac_group_06,5,30,14400,17,1920,13.333333333333334,1638,11.375,1487,10.32638888888889,0.0,2.21256172234566,6.250341343028133,11.16099007869877,26.871879920225044
MIDDAY_BANK,hvac_group,hvac_group_07,5,20,9600,20,2182,22.729166666666668,1528,15.916666666666668,821,8.552083333333334,0.0,1.811362203809819,2.4886244772725696,3.2216520865776714,3.5787597408149034
MIDDAY_BANK,hvac_group,hvac_group_08,5,27,12960,18,1949,15.038580246913579,1613,12.445987654320987,1460,11.265432098765432,0.0,2.5916666383092717,6.4555031169349695,10.657299246119614,20.17741685772875
MIDDAY_BANK,hvac_group,hvac_group_09,5,6,2880,6,793,27.534722222222225,348,12.083333333333334,61,2.118055555555556,0.0,1.6285643193545747,1.9843454865269463,2.2558039490838384,2.3812145838323358
MIDDAY_BANK,hvac_group,hvac_group_10,5,13,6240,13,165,2.644230769230769,47,0.7532051282051282,24,0.38461538461538464,0.0,0.4409484749451248,0.6837927240042759,1.3770695450351838,3.48048801211142
MIDDAY_BANK,hvac_group,hvac_group_11,5,6,2880,6,545,18.92361111111111,414,14.374999999999998,224,7.777777777777778,0.0,1.8193490821130403,2.441771491582664,3.8965923481686167,3.8965923481686167
MIDDAY_BANK,hvac_group,hvac_group_12,5,45,21600,45,4204,19.462962962962962,3583,16.587962962962962,3260,15.092592592592593,0.0,5.4073888631414775,8.47274495466897,13.51660278787181,67.88091163702491
MIDDAY_BANK,hvac_group,hvac_group_13,5,14,6720,14,1403,20.87797619047619,877,13.050595238095239,377,5.6101190476190474,0.0,1.7223415791411312,2.160682634681736,2.9204839934882134,3.1813026840000003
MIDDAY_BANK,hvac_group,hvac_group_14,5,32,15360,21,2691,17.51953125,2249,14.641927083333334,2032,13.229166666666666,0.0,4.912862975572159,7.952860260594787,11.253354831905192,16.33279668753099
MIDDAY_BANK,region,central_sector_1,5,26,12480,18,1862,14.919871794871794,1020,8.173076923076923,564,4.519230769230769,0.0,1.3801594588582735,1.8708460451565152,12.196393185925803,18.04473607378831
MIDDAY_BANK,region,central_sector_2,5,43,20640,25,1977,9.578488372093023,1502,7.2771317829457365,1271,6.157945736434108,0.0,0.9413665401741032,3.089900217602031,6.870378911957417,11.952575391642672
MIDDAY_BANK,region,northeast_pier,5,44,21120,31,3188,15.094696969696969,2439,11.548295454545453,1802,8.53219696969697,0.0,1.8824454456373554,4.269971588641232,10.14822377642196,26.871879920225044
MIDDAY_BANK,region,northwest_pier,5,47,22560,38,4131,18.311170212765955,3141,13.922872340425533,2281,10.11081560283688,0.0,2.0509494620840587,3.410750148041734,9.687222469202645,20.17741685772875
MIDDAY_BANK,region,south_central_pier,5,19,9120,19,958,10.50438596491228,395,4.3311403508771935,85,0.9320175438596491,0.0,1.0192181737157189,1.4476127283151774,1.9843454865269463,3.48048801211142
MIDDAY_BANK,region,southeast_pier,5,51,24480,51,4749,19.399509803921568,3997,16.327614379084967,3484,14.232026143790849,0.0,4.4659601829926086,8.062178864023398,13.031114206105244,67.88091163702491
MIDDAY_BANK,region,southwest_pier,5,46,22080,35,4094,18.541666666666668,3126,14.157608695652174,2409,10.910326086956522,0.0,2.1928726939517973,6.776991178428811,10.699578333953385,16.33279668753099
MIDDAY_BANK,whole_model,whole_model,5,276,132480,217,20959,15.820501207729468,15620,11.790458937198068,11896,8.979468599033815,0.0,1.811362203809819,4.732734174874572,10.408145248525356,67.88091163702491
MORNING_BANK,function,arrival_exit,5,6,2880,0,0,0.0,0,0.0,0,0.0,0.0,0.20945361462961565,0.26525523257181016,0.3521731441571304,0.6746693329030979
MORNING_BANK,function,baggage_claim,5,4,1920,4,342,17.8125,337,17.552083333333332,330,17.1875,0.1729959828045616,4.241641217630685,4.791213779979523,5.643451170638162,8.414200646805337
MORNING_BANK,function,breakroom,5,9,4320,9,68,1.574074074074074,30,0.6944444444444444,9,0.20833333333333334,0.0,0.0,0.0,1.358989744377988,3.293645953241473
MORNING_BANK,function,central_hall,5,21,10080,21,1787,17.728174603174605,1470,14.583333333333334,1355,13.442460317460316,0.0,3.3851859875911434,5.373379338013714,7.848817580145161,11.876587232914918
MORNING_BANK,function,commercial,5,51,24480,16,851,3.4763071895424837,810,3.308823529411765,784,3.202614379084967,0.0,0.0,0.0,10.800492156354448,59.169394781117084
MORNING_BANK,function,concourse,5,15,7200,15,1348,18.722222222222225,1116,15.5,967,13.430555555555557,0.0,2.9719950678640608,4.60031092396462,8.25286517035085,15.961529386222345
MORNING_BANK,function,departure_entry,5,2,960,2,243,25.3125,184,19.166666666666668,169,17.604166666666668,0.5348354307341399,12.980212916980198,14.475209158621135,15.792884107678052,17.92601025093618
MORNING_BANK,function,domestic_waiting,5,63,30240,63,8248,27.275132275132275,6849,22.648809523809526,6179,20.43320105820106,0.09880071295888813,7.204528364100973,9.108515303964973,12.209244161702813,28.651097892808657
MORNING_BANK,function,international_arrival,5,13,6240,13,166,2.66025641025641,46,0.7371794871794871,23,0.36858974358974356,0.0,0.4363171973062238,0.6830519229464579,1.3775352608892244,3.48048801211142
MORNING_BANK,function,international_hall,5,2,960,0,0,0.0,0,0.0,0,0.0,1.1030633802579597e-05,0.12011470414189203,0.14990124117954454,0.19339379254662553,0.22768821000017017
MORNING_BANK,function,office,5,65,31200,65,7689,24.644230769230766,4564,14.62820512820513,1853,5.939102564102564,0.0,1.7898067147653727,2.160682634681736,3.1314147732130406,4.623896848898278
MORNING_BANK,function,restaurant,5,22,10560,6,346,3.276515151515152,294,2.784090909090909,257,2.433712121212121,0.0,0.0,0.0,5.410558545465098,22.742800484449003
MORNING_BANK,function,transfer,5,3,1440,3,22,1.5277777777777777,0,0.0,0,0.0,0.0,0.5912027859301818,0.7780370002046568,1.0755963788548533,1.4621503656581716
MORNING_BANK,hvac_group,hvac_group_01,5,12,5760,12,1279,22.20486111111111,502,8.715277777777777,64,1.1111111111111112,0.0,1.4956790462916918,1.6602951909427444,2.2114084314234344,2.948544575231245
MORNING_BANK,hvac_group,hvac_group_02,5,14,6720,6,585,8.705357142857142,521,7.752976190476191,499,7.425595238095238,0.010452359862656418,0.7585172504584051,4.351281684632178,13.86032788309802,17.92601025093618
MORNING_BANK,hvac_group,hvac_group_03,5,2,960,2,287,29.895833333333332,124,12.916666666666668,0,0.0,0.0,1.570008865437232,1.6643132169389976,1.8840106385246793,1.8840106385246793
MORNING_BANK,hvac_group,hvac_group_04,5,41,19680,23,1703,8.653455284552845,1381,7.017276422764228,1272,6.463414634146342,0.0,0.7529465575792835,3.2205473943096514,6.920909244904293,11.876587232914918
MORNING_BANK,hvac_group,hvac_group_05,5,14,6720,14,1268,18.86904761904762,801,11.919642857142858,315,4.6875,0.0,1.8090796146759773,1.9984563434429734,3.005259222237078,4.623896848898278
MORNING_BANK,hvac_group,hvac_group_06,5,30,14400,17,1960,13.61111111111111,1648,11.444444444444445,1482,10.291666666666668,0.0,2.2309929582792867,6.282316855424862,11.145033729983064,28.651097892808657
MORNING_BANK,hvac_group,hvac_group_07,5,20,9600,20,2182,22.729166666666668,1528,15.916666666666668,821,8.552083333333334,0.0,1.811362203809819,2.4886244772725696,3.2216520865776714,3.5787597408149034
MORNING_BANK,hvac_group,hvac_group_08,5,27,12960,18,1967,15.177469135802468,1645,12.692901234567902,1468,11.327160493827162,0.0,2.5916666383092717,6.333051079253426,10.688659759914854,17.58575021941948
MORNING_BANK,hvac_group,hvac_group_09,5,6,2880,6,793,27.534722222222225,348,12.083333333333334,61,2.118055555555556,0.0,1.6285643193545747,1.9843454865269463,2.2558039490838384,2.3812145838323358
MORNING_BANK,hvac_group,hvac_group_10,5,13,6240,13,166,2.66025641025641,46,0.7371794871794871,23,0.36858974358974356,0.0,0.4363171973062238,0.6830519229464579,1.3775352608892244,3.48048801211142
MORNING_BANK,hvac_group,hvac_group_11,5,6,2880,6,545,18.92361111111111,414,14.374999999999998,224,7.777777777777778,0.0,1.8193490821130403,2.441771491582664,3.8965923481686167,3.8965923481686167
MORNING_BANK,hvac_group,hvac_group_12,5,45,21600,45,4252,19.685185185185187,3587,16.60648148148148,3262,15.101851851851853,0.0,5.36332540120672,8.383002433454264,13.651258614645315,59.169394781117084
MORNING_BANK,hvac_group,hvac_group_13,5,14,6720,14,1403,20.87797619047619,877,13.050595238095239,377,5.6101190476190474,0.0,1.7223415791411312,2.160682634681736,2.9204839934882134,3.1813026840000003
MORNING_BANK,hvac_group,hvac_group_14,5,32,15360,21,2720,17.708333333333336,2278,14.830729166666668,2058,13.398437499999998,0.0,4.85901670409072,7.911061653569777,11.255087104140113,16.332796687530994
MORNING_BANK,region,central_sector_1,5,26,12480,18,1864,14.935897435897436,1023,8.197115384615385,563,4.511217948717949,0.0,1.3801594588582735,1.8708460451565152,12.180541090076895,17.92601025093618
MORNING_BANK,region,central_sector_2,5,43,20640,25,1990,9.641472868217054,1505,7.291666666666667,1272,6.162790697674419,0.0,0.9480971023911646,3.07853675816122,6.827216061825446,11.876587232914918
MORNING_BANK,region,northeast_pier,5,44,21120,31,3228,15.284090909090908,2449,11.59564393939394,1797,8.508522727272727,0.0,1.8824454456373554,4.262861323537249,10.200197519575177,28.651097892808657
MORNING_BANK,region,northwest_pier,5,47,22560,38,4149,18.39095744680851,3173,14.064716312056738,2289,10.14627659574468,0.0,2.0584693873061273,3.3838434319682005,9.691663107860029,17.58575021941948
MORNING_BANK,region,south_central_pier,5,19,9120,19,959,10.515350877192981,394,4.3201754385964914,84,0.9210526315789472,0.0,1.0485907815157642,1.4476127283151774,1.9843454865269463,3.48048801211142
MORNING_BANK,region,southeast_pier,5,51,24480,51,4797,19.595588235294116,4001,16.343954248366014,3486,14.240196078431373,0.0,4.410160645474997,7.964426968303618,13.058924350845794,59.169394781117084
MORNING_BANK,region,southwest_pier,5,46,22080,35,4123,18.67300724637681,3155,14.28894927536232,2435,11.028079710144928,0.0,2.26139995937977,6.8132352656019295,10.614943749181988,16.332796687530994
MORNING_BANK,whole_model,whole_model,5,276,132480,217,21110,15.934480676328503,15700,11.850845410628018,11926,9.002113526570048,0.0,1.811362203809819,4.672905762323515,10.358644546435187,59.169394781117084
SOURCE_STATIC,function,arrival_exit,1,6,576,0,0,0.0,0,0.0,0,0.0,0.9,0.9,0.9,0.9,0.9
SOURCE_STATIC,function,baggage_claim,1,4,384,0,0,0.0,0,0.0,0,0.0,0.9,0.9,0.9000000000000001,0.9,0.9
SOURCE_STATIC,function,breakroom,1,9,864,0,0,0.0,0,0.0,0,0.0,0.2,0.9000000000000001,0.9,0.9000000000000001,0.9
SOURCE_STATIC,function,central_hall,1,21,2016,0,0,0.0,0,0.0,0,0.0,0.9,0.9,0.9000000000000001,0.9000000000000001,0.9000000000000001
SOURCE_STATIC,function,commercial,1,51,4896,0,0,0.0,0,0.0,0,0.0,1.0,1.0,1.0,1.0,1.0
SOURCE_STATIC,function,concourse,1,15,1440,0,0,0.0,0,0.0,0,0.0,0.9,0.9,0.9000000000000001,0.9000000000000001,0.9000000000000001
SOURCE_STATIC,function,departure_entry,1,2,192,0,0,0.0,0,0.0,0,0.0,0.9,0.9,0.9,0.9,0.9
SOURCE_STATIC,function,domestic_waiting,1,63,6048,0,0,0.0,0,0.0,0,0.0,0.9,0.9000000000000001,0.9000000000000001,0.9000000000000001,0.9000000000000001
SOURCE_STATIC,function,international_arrival,1,13,1248,0,0,0.0,0,0.0,0,0.0,0.9,0.9000000000000001,0.9000000000000001,0.9,0.9
SOURCE_STATIC,function,international_hall,1,2,192,0,0,0.0,0,0.0,0,0.0,0.9,0.9000000000000001,0.9000000000000001,0.9000000000000001,0.9000000000000001
SOURCE_STATIC,function,office,1,65,6240,0,0,0.0,0,0.0,0,0.0,0.2,0.9,0.9,0.9000000000000001,0.9000000000000001
SOURCE_STATIC,function,restaurant,1,22,2112,0,0,0.0,0,0.0,0,0.0,1.0,1.0,1.0,1.0,1.0
SOURCE_STATIC,function,transfer,1,3,288,0,0,0.0,0,0.0,0,0.0,0.9,0.9,0.9,0.9,0.9
SOURCE_STATIC,hvac_group,hvac_group_01,1,12,1152,0,0,0.0,0,0.0,0,0.0,0.2,0.9,0.9,0.9000000000000001,0.9000000000000001
SOURCE_STATIC,hvac_group,hvac_group_02,1,14,1344,0,0,0.0,0,0.0,0,0.0,0.9,0.9000000000000001,1.0,1.0,1.0
SOURCE_STATIC,hvac_group,hvac_group_03,1,2,192,0,0,0.0,0,0.0,0,0.0,0.2,0.9,0.9,0.9,0.9
SOURCE_STATIC,hvac_group,hvac_group_04,1,41,3936,0,0,0.0,0,0.0,0,0.0,0.9,1.0,1.0,1.0,1.0
SOURCE_STATIC,hvac_group,hvac_group_05,1,14,1344,0,0,0.0,0,0.0,0,0.0,0.2,0.9000000000000001,0.9000000000000001,0.9000000000000001,0.9000000000000001
SOURCE_STATIC,hvac_group,hvac_group_06,1,30,2880,0,0,0.0,0,0.0,0,0.0,0.9,1.0,1.0,1.0,1.0
SOURCE_STATIC,hvac_group,hvac_group_07,1,20,1920,0,0,0.0,0,0.0,0,0.0,0.2,0.9,0.9,0.9,0.9
SOURCE_STATIC,hvac_group,hvac_group_08,1,27,2592,0,0,0.0,0,0.0,0,0.0,0.9,1.0,1.0,1.0,1.0
SOURCE_STATIC,hvac_group,hvac_group_09,1,6,576,0,0,0.0,0,0.0,0,0.0,0.2,0.9,0.9,0.9,0.9
SOURCE_STATIC,hvac_group,hvac_group_10,1,13,1248,0,0,0.0,0,0.0,0,0.0,0.9,0.9000000000000001,0.9000000000000001,0.9,0.9
SOURCE_STATIC,hvac_group,hvac_group_11,1,6,576,0,0,0.0,0,0.0,0,0.0,0.2,0.9,0.9,0.9,0.9
SOURCE_STATIC,hvac_group,hvac_group_12,1,45,4320,0,0,0.0,0,0.0,0,0.0,0.9,1.0,1.0,1.0,1.0
SOURCE_STATIC,hvac_group,hvac_group_13,1,14,1344,0,0,0.0,0,0.0,0,0.0,0.2,0.9000000000000001,0.9,0.9,0.9
SOURCE_STATIC,hvac_group,hvac_group_14,1,32,3072,0,0,0.0,0,0.0,0,0.0,0.9,1.0,1.0,1.0,1.0
SOURCE_STATIC,region,central_sector_1,1,26,2496,0,0,0.0,0,0.0,0,0.0,0.8999999999999999,0.9,0.9000000000000001,1.0,1.0
SOURCE_STATIC,region,central_sector_2,1,43,4128,0,0,0.0,0,0.0,0,0.0,0.9,1.0,1.0,1.0,1.0
SOURCE_STATIC,region,northeast_pier,1,44,4224,0,0,0.0,0,0.0,0,0.0,0.8999999999999999,1.0,1.0,1.0,1.0
SOURCE_STATIC,region,northwest_pier,1,47,4512,0,0,0.0,0,0.0,0,0.0,0.8999999999999999,1.0,1.0,1.0,1.0
SOURCE_STATIC,region,south_central_pier,1,19,1824,0,0,0.0,0,0.0,0,0.0,0.9,0.9000000000000001,0.9,0.9,0.9
SOURCE_STATIC,region,southeast_pier,1,51,4896,0,0,0.0,0,0.0,0,0.0,0.9,1.0,1.0,1.0,1.0
SOURCE_STATIC,region,southwest_pier,1,46,4416,0,0,0.0,0,0.0,0,0.0,0.8999999999999999,1.0,1.0,1.0,1.0
SOURCE_STATIC,whole_model,whole_model,1,276,26496,0,0,0.0,0,0.0,0,0.0,0.9,1.0,1.0,1.0,1.0
