reference_scenario,comparison_scenario,period_id,scope,group,metric,unit,n,percent_n,difference_mean,difference_median,difference_minimum,difference_maximum,difference_p10,difference_p90,percent_mean,percent_median,percent_minimum,percent_maximum,percent_p10,percent_p90,reference_p50,comparison_p50,claim_status
SOURCE_STATIC,BASELINE_SPREAD,winter,building,whole_building,facility_electricity_kwh,kWh,5,5,-333.5936890081568,-333.33980700203574,-335.02478795024217,-332.14716350554954,-334.77701221616303,-332.50883329049464,-3.393212097470473,-3.3906296880218365,-3.4077687944433657,-3.378498486282743,-3.405248496110274,-3.3821772797671583,9831.206521302922,9497.866714300886,DESIGN_SIZING_SENSITIVITY_NOT_FIXED_OPERATION
SOURCE_STATIC,BASELINE_SPREAD,winter,building,whole_building,fan_electricity_kwh,kWh,5,5,-83.79067782533693,-83.13432852908045,-85.21330871076862,-82.65942312050265,-85.11445990881839,-82.78771069647755,-1.1065996875369106,-1.0979314687683916,-1.1253879696484443,-1.0916595278988208,-1.1240825015917286,-1.0933537854841886,7571.905068203998,7488.770739674917,DESIGN_SIZING_SENSITIVITY_NOT_FIXED_OPERATION
SOURCE_STATIC,BASELINE_SPREAD,winter,building,whole_building,pump_electricity_kwh,kWh,5,5,-249.8030111828205,-249.81147923947447,-250.35966494159652,-249.43916190915115,-250.18260274049103,-249.45859329950972,-15.657763207749616,-15.658293989285395,-15.692654511510723,-15.634956974376166,-15.681556174445749,-15.636174942516707,1595.393977213703,1345.5824979742285,DESIGN_SIZING_SENSITIVITY_NOT_FIXED_OPERATION
SOURCE_STATIC,BASELINE_SPREAD,winter,building,whole_building,district_cooling_kwh_boundary,kWh,5,5,6.962714717872609,6.94265092417686,6.498976508554506,7.5187669611059675,6.588801403683135,7.3631163563234345,3.863148896716112,3.8520168274557247,3.6058513016999383,4.1716654304252225,3.6556891822644073,4.085305226610558,180.23417952622273,187.1768304503996,DESIGN_SIZING_SENSITIVITY_NOT_FIXED_OPERATION
SOURCE_STATIC,BASELINE_SPREAD,winter,building,whole_building,district_heating_kwh_boundary,kWh,5,5,-49806.28624444276,-49812.58443464845,-49840.37058696366,-49758.18931274093,-49830.727127831866,-49776.52356713519,-12.033080734462706,-12.034602362292057,-12.041315430848664,-12.021460629735211,-12.038985593973798,-12.025890142151567,413911.3444306719,364098.75999602344,DESIGN_SIZING_SENSITIVITY_NOT_FIXED_OPERATION
SOURCE_STATIC,BASELINE_SPREAD,winter,building,whole_building,peak_hvac_electric_kw,kW,5,5,-2.8901208394993203,-2.911084786338847,-3.204410356467065,-2.3982489321596177,-3.1412239312043315,-2.595115690984107,-0.7566027673436728,-0.7620909047171881,-0.8388804060620928,-0.6278359555254166,-0.8223388748018912,-0.6793735703160813,381.9865541393845,379.07546935304566,DESIGN_SIZING_SENSITIVITY_NOT_FIXED_OPERATION
SOURCE_STATIC,BASELINE_SPREAD,winter,building,whole_building,cooling_unmet_occupied_hours,h,5,0,0.0,0.0,0.0,0.0,0.0,0.0,,,,,,,0.0,0.0,DESIGN_SIZING_SENSITIVITY_NOT_FIXED_OPERATION
SOURCE_STATIC,BASELINE_SPREAD,winter,building,whole_building,heating_unmet_occupied_hours,h,5,0,0.05,0.0,0.0,0.25,0.0,0.15000000000000002,,,,,,,0.0,0.0,DESIGN_SIZING_SENSITIVITY_NOT_FIXED_OPERATION
SOURCE_STATIC,BASELINE_SPREAD,summer,building,whole_building,facility_electricity_kwh,kWh,5,5,-719.9542548038647,-707.9116717180586,-758.8891176783654,-701.7196002193959,-746.017576168786,-702.8480083312722,-0.429701868540633,-0.4225143001368093,-0.4529399884863288,-0.41881858658923476,-0.4452576595039529,-0.41949207253770215,167547.3875058994,166839.47583418133,DESIGN_SIZING_SENSITIVITY_NOT_FIXED_OPERATION
SOURCE_STATIC,BASELINE_SPREAD,summer,building,whole_building,fan_electricity_kwh,kWh,5,5,-564.5376352783842,-553.6219865315543,-600.3951141439265,-548.0680131759527,-588.3988591619021,-548.9202422462204,-3.966340143020914,-3.889648753278018,-4.218268356419463,-3.850627532907603,-4.1339848211372585,-3.856615141458776,14233.212859258487,13679.590872726933,DESIGN_SIZING_SENSITIVITY_NOT_FIXED_OPERATION
SOURCE_STATIC,BASELINE_SPREAD,summer,building,whole_building,pump_electricity_kwh,kWh,5,5,-155.4166195254793,-154.34203464747225,-158.49400353442888,-153.65158704344685,-157.61871700686697,-153.90682630067784,-3.2762911985487313,-3.2536381966454773,-3.341164608959149,-3.239083077540235,-3.3227129558784485,-3.2444636998607,4743.675397178455,4589.333362530982,DESIGN_SIZING_SENSITIVITY_NOT_FIXED_OPERATION
SOURCE_STATIC,BASELINE_SPREAD,summer,building,whole_building,district_cooling_kwh_boundary,kWh,5,5,-20019.660511413727,-19961.044988036854,-20202.8593685393,-19873.834829567233,-20168.444501558108,-19901.797365675913,-3.5141049195182545,-3.5038159788570793,-3.5462623082366127,-3.4885077448970008,-3.5402213739613178,-3.4934160841590822,569694.444813509,549733.3998254722,DESIGN_SIZING_SENSITIVITY_NOT_FIXED_OPERATION
SOURCE_STATIC,BASELINE_SPREAD,summer,building,whole_building,district_heating_kwh_boundary,kWh,5,5,197.22938043786837,202.68283834661997,185.35968308355518,206.63457856358957,185.90584428076414,205.87863358575356,24.48549390659554,25.162525949682436,23.011903097777246,25.65312380476995,23.079707532575902,25.559275281251644,805.4948010860489,1008.1776394326689,DESIGN_SIZING_SENSITIVITY_NOT_FIXED_OPERATION
SOURCE_STATIC,BASELINE_SPREAD,summer,building,whole_building,peak_hvac_electric_kw,kW,5,5,-25.023953732199107,-24.91674539689643,-32.68755341215956,-17.340454184323107,-30.01714773138501,-20.069663093551164,-2.1650409981416985,-2.155765467833546,-2.8280860020617036,-1.5002742826825883,-2.5970458617857046,-1.7364020043131323,1155.8189315434538,1130.9021861465574,DESIGN_SIZING_SENSITIVITY_NOT_FIXED_OPERATION
SOURCE_STATIC,BASELINE_SPREAD,summer,building,whole_building,cooling_unmet_occupied_hours,h,5,0,15.2,15.0,14.0,16.75,14.3,16.25,,,,,,,0.0,15.0,DESIGN_SIZING_SENSITIVITY_NOT_FIXED_OPERATION
SOURCE_STATIC,BASELINE_SPREAD,summer,building,whole_building,heating_unmet_occupied_hours,h,5,0,0.0,0.0,0.0,0.0,0.0,0.0,,,,,,,0.0,0.0,DESIGN_SIZING_SENSITIVITY_NOT_FIXED_OPERATION
SOURCE_STATIC,BASELINE_SPREAD,shoulder,building,whole_building,facility_electricity_kwh,kWh,5,5,117.28555638469406,119.24225800337445,102.11141111070174,132.24853533568967,105.29648579025525,128.4497130670614,0.10547862415470362,0.10723834803700957,0.09183203359776798,0.11893530613377103,0.09469647236913173,0.11551890467177948,111193.67295943624,111312.91521743961,DESIGN_SIZING_SENSITIVITY_NOT_FIXED_OPERATION
SOURCE_STATIC,BASELINE_SPREAD,shoulder,building,whole_building,fan_electricity_kwh,kWh,5,5,99.74912049661506,101.36210324127933,85.95892146981896,113.92414695269144,88.59497325178491,110.33504012943558,1.1443435214219357,1.1628480089285154,0.9861393704793846,1.3069624960077417,1.0163807276342864,1.2657874849356041,8716.71125228804,8818.073355529319,DESIGN_SIZING_SENSITIVITY_NOT_FIXED_OPERATION
SOURCE_STATIC,BASELINE_SPREAD,shoulder,building,whole_building,pump_electricity_kwh,kWh,5,5,17.536435888101323,17.800099769588883,16.152489640905628,18.3243883830213,16.701512538492466,18.14669493466001,3.2515979811117277,3.3004864183179867,2.9949872962460535,3.397699775002023,3.096786872669034,3.364751936476842,539.3174675949817,557.1175673645706,DESIGN_SIZING_SENSITIVITY_NOT_FIXED_OPERATION
SOURCE_STATIC,BASELINE_SPREAD,shoulder,building,whole_building,district_cooling_kwh_boundary,kWh,5,5,872.2555629560622,892.4629073381802,735.0120070302219,999.3333788413001,772.9331058007986,961.4619343503582,1.4668024089488,1.5007834836211111,1.236010898989852,1.6804990070337908,1.29977977750312,1.6168136281507643,59466.46648754645,60358.92939488463,DESIGN_SIZING_SENSITIVITY_NOT_FIXED_OPERATION
SOURCE_STATIC,BASELINE_SPREAD,shoulder,building,whole_building,district_heating_kwh_boundary,kWh,5,5,4129.570993127154,4206.192476844895,3864.9360414085604,4301.10574980719,3940.1522840169914,4269.721069742509,12.887139674547432,13.126252106416256,12.06129418327472,13.422447669507248,12.29602128347538,13.324505593609373,32044.123811920865,36250.31628876576,DESIGN_SIZING_SENSITIVITY_NOT_FIXED_OPERATION
SOURCE_STATIC,BASELINE_SPREAD,shoulder,building,whole_building,peak_hvac_electric_kw,kW,5,5,24.35333913336576,23.571260445826624,18.898001659855197,31.020025826283415,19.519670359080795,29.742109226547804,5.2821417902263805,5.1125120529623,4.098900925767739,6.72811945226946,4.233738378565177,6.450944456310103,461.0504621141954,484.621722560022,DESIGN_SIZING_SENSITIVITY_NOT_FIXED_OPERATION
SOURCE_STATIC,BASELINE_SPREAD,shoulder,building,whole_building,cooling_unmet_occupied_hours,h,5,0,3.85,3.5,3.0,5.0,3.2,4.7,,,,,,,0.0,3.5,DESIGN_SIZING_SENSITIVITY_NOT_FIXED_OPERATION
SOURCE_STATIC,BASELINE_SPREAD,shoulder,building,whole_building,heating_unmet_occupied_hours,h,5,0,0.0,0.0,0.0,0.0,0.0,0.0,,,,,,,0.0,0.0,DESIGN_SIZING_SENSITIVITY_NOT_FIXED_OPERATION
BASELINE_SPREAD,MORNING_BANK,winter,building,whole_building,facility_electricity_kwh,kWh,5,5,118.8423221146084,115.02974037789681,112.33117579091777,127.87105448396869,113.04080012848863,126.67239400454673,1.2512817359040573,1.2113262320358409,1.182663092176136,1.346144388275717,1.1902027855763224,1.3335916895078266,9497.866714300886,9611.211473730576,DESIGN_SIZING_SENSITIVITY_NOT_FIXED_OPERATION
BASELINE_SPREAD,MORNING_BANK,winter,building,whole_building,fan_electricity_kwh,kWh,5,5,55.91013053610659,53.41071716790793,47.730099184639585,66.01923879049718,49.25357438091032,63.952267419167036,0.7466449834767335,0.7134087910081566,0.6373555933788877,0.8815205418430517,0.6577664101449788,0.8539352674496135,7488.770739674917,7540.102476661137,DESIGN_SIZING_SENSITIVITY_NOT_FIXED_OPERATION
BASELINE_SPREAD,MORNING_BANK,winter,building,whole_building,pump_electricity_kwh,kWh,5,5,62.932191578502355,62.566449459526666,61.61902320999047,64.60107660627955,61.71214020338371,64.36968313306434,4.6769326112971035,4.648480673206673,4.579356769485169,4.8013513537222305,4.585834704437042,4.784779873515976,1345.5824979742285,1408.5212647640785,DESIGN_SIZING_SENSITIVITY_NOT_FIXED_OPERATION
BASELINE_SPREAD,MORNING_BANK,winter,building,whole_building,district_cooling_kwh_boundary,kWh,5,5,0.7601503496148098,0.7754213558867491,0.6646845700462052,0.8003914340605434,0.7030294100050526,0.800117947691217,0.4061103343037515,0.41475760565077324,0.35402084626728575,0.428262304948292,0.37494259615074255,0.4278316604395668,187.1768304503996,187.93737712034292,DESIGN_SIZING_SENSITIVITY_NOT_FIXED_OPERATION
BASELINE_SPREAD,MORNING_BANK,winter,building,whole_building,district_heating_kwh_boundary,kWh,5,5,8028.245998907322,8083.190612500126,7771.355540634191,8110.752301826258,7889.920145273173,8109.71717603351,2.2049253683609793,2.219722800392155,2.1344086809631175,2.227646758182945,2.1670401844866127,2.227332519907696,364098.75999602344,372205.834793364,DESIGN_SIZING_SENSITIVITY_NOT_FIXED_OPERATION
BASELINE_SPREAD,MORNING_BANK,winter,building,whole_building,peak_hvac_electric_kw,kW,5,5,2.4877823409510595,2.4956133690155298,1.9885143618503776,2.9264249371282745,2.1574872420859377,2.8028199520057004,0.6562964827627852,0.6583420903691559,0.5238608077677229,0.7725878807015327,0.5687054186324931,0.739840448439266,379.07546935304566,381.5710827220612,DESIGN_SIZING_SENSITIVITY_NOT_FIXED_OPERATION
BASELINE_SPREAD,MORNING_BANK,winter,building,whole_building,cooling_unmet_occupied_hours,h,5,0,2.55,2.75,2.25,2.75,2.25,2.75,,,,,,,0.0,2.75,DESIGN_SIZING_SENSITIVITY_NOT_FIXED_OPERATION
BASELINE_SPREAD,MORNING_BANK,winter,building,whole_building,heating_unmet_occupied_hours,h,5,1,0.55,0.5,0.25,1.0,0.35,0.8,200.0,200.0,200.0,200.0,200.0,200.0,0.0,0.5,DESIGN_SIZING_SENSITIVITY_NOT_FIXED_OPERATION
BASELINE_SPREAD,MORNING_BANK,summer,building,whole_building,facility_electricity_kwh,kWh,5,5,-441.8738192932913,-435.41997157695005,-472.88032762127114,-421.6968375798606,-465.1260384072026,-423.36904458882634,-0.26486796419656783,-0.2610107924123321,-0.2834343162833106,-0.2528332838624811,-0.2787825267021376,-0.25380260475522354,166839.47583418133,166385.25727041802,DESIGN_SIZING_SENSITIVITY_NOT_FIXED_OPERATION
BASELINE_SPREAD,MORNING_BANK,summer,building,whole_building,fan_electricity_kwh,kWh,5,5,-357.9567461863004,-353.2796363912912,-385.13173056443156,-337.93402008933845,-378.6417470873832,-340.5730408594551,-2.618705780779539,-2.5857029279718877,-2.81537462741134,-2.4788273884937695,-2.7674940268520354,-2.49447676669931,13679.590872726933,13309.52874617833,DESIGN_SIZING_SENSITIVITY_NOT_FIXED_OPERATION
BASELINE_SPREAD,MORNING_BANK,summer,building,whole_building,pump_electricity_kwh,kWh,5,5,-83.91707310698675,-83.7628174905285,-87.74859705681683,-81.34578308764412,-86.48429131979847,-81.66360392685583,-1.8289482099845729,-1.8268157854483238,-1.9119900257573104,-1.772496714921196,-1.8843390605628376,-1.7797283933626797,4589.333362530982,4505.229274777257,DESIGN_SIZING_SENSITIVITY_NOT_FIXED_OPERATION
BASELINE_SPREAD,MORNING_BANK,summer,building,whole_building,district_cooling_kwh_boundary,kWh,5,5,-907.7105999545893,-788.8064805089962,-1138.1452416366665,-739.8444718461251,-1119.0032361320918,-756.4933142700465,-0.16513842170086587,-0.1434889131276041,-0.20712696459491992,-0.13462055975446507,-0.20360597101725758,-0.1376248120033095,549733.3998254722,548837.7781405766,DESIGN_SIZING_SENSITIVITY_NOT_FIXED_OPERATION
BASELINE_SPREAD,MORNING_BANK,summer,building,whole_building,district_heating_kwh_boundary,kWh,5,5,64.58702382234512,56.891944352523524,51.79717777387759,80.08559473800301,53.26019879492928,79.53362561112768,6.452769726572538,5.64304762646177,5.127217545120471,8.071355530578762,5.267936914220265,8.02009810347995,1008.1776394326689,1067.5841099761453,DESIGN_SIZING_SENSITIVITY_NOT_FIXED_OPERATION
BASELINE_SPREAD,MORNING_BANK,summer,building,whole_building,peak_hvac_electric_kw,kW,5,5,167.41734340901849,170.82400934630596,153.22401959827152,173.65534874595414,158.67698630459057,173.20397044376915,14.805680740555507,15.004588382079698,13.561959378035201,15.46171286166789,14.034957875443073,15.37930270077668,1130.9021861465574,1298.5118914501297,DESIGN_SIZING_SENSITIVITY_NOT_FIXED_OPERATION
BASELINE_SPREAD,MORNING_BANK,summer,building,whole_building,cooling_unmet_occupied_hours,h,5,5,-8.3,-8.0,-9.75,-6.5,-9.75,-6.8999999999999995,-54.626950772964825,-57.14285714285714,-65.0,-41.935483870967744,-62.28358208955224,-45.5002733734281,15.0,7.0,DESIGN_SIZING_SENSITIVITY_NOT_FIXED_OPERATION
BASELINE_SPREAD,MORNING_BANK,summer,building,whole_building,heating_unmet_occupied_hours,h,5,0,0.0,0.0,0.0,0.0,0.0,0.0,,,,,,,0.0,0.0,DESIGN_SIZING_SENSITIVITY_NOT_FIXED_OPERATION
BASELINE_SPREAD,MORNING_BANK,shoulder,building,whole_building,facility_electricity_kwh,kWh,5,5,698.3965280363802,710.7612352940632,666.3966326052323,717.9433433215017,672.4418394045381,716.9147177359439,0.6274298974496159,0.6385253983382396,0.5985997004628679,0.6450307040896374,0.6040507797340554,0.6441249367403815,111312.91521743961,112011.15614990455,DESIGN_SIZING_SENSITIVITY_NOT_FIXED_OPERATION
BASELINE_SPREAD,MORNING_BANK,shoulder,building,whole_building,fan_electricity_kwh,kWh,5,5,693.9347198267253,706.6151066064012,662.9236170709428,713.3817367375923,668.6447016945381,711.8397660780588,7.871130376049419,8.013259564951596,7.507088528736469,8.098088967554053,7.574995478933747,8.082996946442556,8818.073355529319,9512.196983846618,DESIGN_SIZING_SENSITIVITY_NOT_FIXED_OPERATION
BASELINE_SPREAD,MORNING_BANK,shoulder,building,whole_building,pump_electricity_kwh,kWh,5,5,4.461808209653441,4.283320973560535,3.4730155343012257,5.8449692688419645,3.7422607956420735,5.3316241948692324,0.8014383918120419,0.7688360993214893,0.6228039550959072,1.0522565969053523,0.6713238935015171,0.9590305607942229,557.1175673645706,561.3437510447532,DESIGN_SIZING_SENSITIVITY_NOT_FIXED_OPERATION
BASELINE_SPREAD,MORNING_BANK,shoulder,building,whole_building,district_cooling_kwh_boundary,kWh,5,5,-913.229968310536,-943.0999189623399,-1005.2977641064281,-812.4443766553522,-986.4878019591953,-826.280595229297,-1.5133417669637557,-1.5624861613968037,-1.6625890442660984,-1.349542232137276,-1.632474785524106,-1.371640539125359,60358.92939488463,59415.82947592229,DESIGN_SIZING_SENSITIVITY_NOT_FIXED_OPERATION
BASELINE_SPREAD,MORNING_BANK,shoulder,building,whole_building,district_heating_kwh_boundary,kWh,5,5,4399.295519901027,4380.395723474161,4220.766103065784,4696.999210692877,4237.384583647935,4592.601229516185,12.163719709031813,12.078263329653586,11.612985126142384,13.08026227887272,11.670991202898758,12.763792364306457,36250.31628876576,40565.99566479384,DESIGN_SIZING_SENSITIVITY_NOT_FIXED_OPERATION
BASELINE_SPREAD,MORNING_BANK,shoulder,building,whole_building,peak_hvac_electric_kw,kW,5,5,215.18168773520884,213.35544858154395,205.33013502224287,230.36167692641715,208.06562398231853,224.0939344452135,44.33997182355338,43.399346493792606,42.64361602083327,47.99716934501252,42.92965627226904,46.51870585048983,484.621722560022,701.0445538635718,DESIGN_SIZING_SENSITIVITY_NOT_FIXED_OPERATION
BASELINE_SPREAD,MORNING_BANK,shoulder,building,whole_building,cooling_unmet_occupied_hours,h,5,5,0.3,0.75,-0.75,1.0,-0.5499999999999999,0.9,11.061624649859942,21.428571428571427,-15.0,33.33333333333333,-11.352941176470589,28.57142857142857,3.5,4.25,DESIGN_SIZING_SENSITIVITY_NOT_FIXED_OPERATION
BASELINE_SPREAD,MORNING_BANK,shoulder,building,whole_building,heating_unmet_occupied_hours,h,5,0,0.0,0.0,0.0,0.0,0.0,0.0,,,,,,,0.0,0.0,DESIGN_SIZING_SENSITIVITY_NOT_FIXED_OPERATION
BASELINE_SPREAD,MIDDAY_BANK,winter,building,whole_building,facility_electricity_kwh,kWh,5,5,119.40542628627445,119.16719786617068,108.47333972942761,129.49003946905395,110.4524660398227,128.28418322595425,1.257211682547735,1.254895927777259,1.1420464041243454,1.3631880230621058,1.1629514609561922,1.3505604184656645,9497.866714300886,9615.34893121885,DESIGN_SIZING_SENSITIVITY_NOT_FIXED_OPERATION
BASELINE_SPREAD,MIDDAY_BANK,winter,building,whole_building,fan_electricity_kwh,kWh,5,5,55.32453204066151,55.446403100710995,43.93008232550437,66.35592279645698,46.26130272674582,64.26640113868507,0.7388255693446854,0.7405995182104858,0.5866127279443374,0.8860161081779712,0.6178073029702169,0.8581297956594212,7488.770739674917,7542.13816259394,DESIGN_SIZING_SENSITIVITY_NOT_FIXED_OPERATION
BASELINE_SPREAD,MIDDAY_BANK,winter,building,whole_building,pump_electricity_kwh,kWh,5,5,64.08089424561372,63.720794765462415,63.134116672596974,65.34328020927774,63.34567887428102,65.0232710871364,4.762299882335964,4.735554665833862,4.690825775602261,4.858112511560857,4.706476427958587,4.83368912781242,1345.5824979742285,1409.617837481359,DESIGN_SIZING_SENSITIVITY_NOT_FIXED_OPERATION
BASELINE_SPREAD,MIDDAY_BANK,winter,building,whole_building,district_cooling_kwh_boundary,kWh,5,5,0.7616892845824623,0.782356607018329,0.6652767069231231,0.799618314495234,0.7083631076093525,0.7950518230319119,0.4069344681953716,0.4184671348403988,0.3543362271377308,0.4282144271938042,0.37779156384380846,0.42520064947708214,187.1768304503996,187.9498231590383,DESIGN_SIZING_SENSITIVITY_NOT_FIXED_OPERATION
BASELINE_SPREAD,MIDDAY_BANK,winter,building,whole_building,district_heating_kwh_boundary,kWh,5,5,8117.448837599693,8125.544558782829,7925.56954580429,8240.56681756361,7981.482927097357,8236.424197262479,2.229423763659343,2.2318572867803073,2.176763674199509,2.2629398377435184,2.192129276267774,2.261916038727395,364098.75999602344,372196.51840249106,DESIGN_SIZING_SENSITIVITY_NOT_FIXED_OPERATION
BASELINE_SPREAD,MIDDAY_BANK,winter,building,whole_building,peak_hvac_electric_kw,kW,5,5,2.4392071290925514,2.461481828417618,1.9377093910015901,2.856667997983095,2.107222176113146,2.745474828501847,0.6434825395656174,0.6493381997570404,0.5104765780241189,0.7541717699396808,0.5554566573689943,0.7247028114521842,379.07546935304566,381.5260145982265,DESIGN_SIZING_SENSITIVITY_NOT_FIXED_OPERATION
BASELINE_SPREAD,MIDDAY_BANK,winter,building,whole_building,cooling_unmet_occupied_hours,h,5,0,2.5,2.5,2.0,2.75,2.2,2.75,,,,,,,0.0,2.5,DESIGN_SIZING_SENSITIVITY_NOT_FIXED_OPERATION
BASELINE_SPREAD,MIDDAY_BANK,winter,building,whole_building,heating_unmet_occupied_hours,h,5,1,0.3,0.25,0.0,0.75,0.1,0.55,100.0,100.0,100.0,100.0,100.0,100.0,0.0,0.25,DESIGN_SIZING_SENSITIVITY_NOT_FIXED_OPERATION
BASELINE_SPREAD,MIDDAY_BANK,summer,building,whole_building,facility_electricity_kwh,kWh,5,5,141.33322413091665,141.43615325304563,115.24581608513836,165.52183986580349,121.20278430893086,161.04273384187255,0.08471924752755866,0.08478334675975101,0.06907330440865166,0.09924056002982339,0.07264417829613382,0.0965437509427781,166839.47583418133,166962.11339524802,DESIGN_SIZING_SENSITIVITY_NOT_FIXED_OPERATION
BASELINE_SPREAD,MIDDAY_BANK,summer,building,whole_building,fan_electricity_kwh,kWh,5,5,166.12619119586014,165.97269029020026,144.74548601055722,187.5507149600162,149.75384011478164,182.56870635497324,1.21550449119053,1.214777267182789,1.057683259026605,1.3757296434717368,1.0943518459927133,1.3374288100148997,13679.590872726933,13829.890332093091,DESIGN_SIZING_SENSITIVITY_NOT_FIXED_OPERATION
BASELINE_SPREAD,MIDDAY_BANK,summer,building,whole_building,pump_electricity_kwh,kWh,5,5,-24.792967064931144,-24.536537037184644,-29.49966992539248,-20.771618641390887,-28.551055805818578,-21.27452122252653,-0.5403425825534576,-0.5348715957810716,-0.6426909999955926,-0.45260128359042157,-0.622059699827687,-0.46373528368400246,4589.333362530982,4562.833072925746,DESIGN_SIZING_SENSITIVITY_NOT_FIXED_OPERATION
BASELINE_SPREAD,MIDDAY_BANK,summer,building,whole_building,district_cooling_kwh_boundary,kWh,5,5,-787.6423108085758,-742.0370208619861,-1337.770750532858,-392.40018236998003,-1111.2304717161228,-513.2735281368018,-0.14328731262851288,-0.1350195114085442,-0.2433104045648506,-0.0713800876014734,-0.2021149606016184,-0.09338995852525447,549733.3998254722,548835.5855915607,DESIGN_SIZING_SENSITIVITY_NOT_FIXED_OPERATION
BASELINE_SPREAD,MIDDAY_BANK,summer,building,whole_building,district_heating_kwh_boundary,kWh,5,5,62.515538875081276,55.11371352798733,49.65346981356083,78.05562715252904,50.97262191325217,77.55478981893343,6.246274803374434,5.466666921813642,4.915019554069043,7.866767050571684,5.041682931497775,7.820557227453783,1008.1776394326689,1065.0807297124277,DESIGN_SIZING_SENSITIVITY_NOT_FIXED_OPERATION
BASELINE_SPREAD,MIDDAY_BANK,summer,building,whole_building,peak_hvac_electric_kw,kW,5,5,471.3319953944141,467.03740281791374,448.82001955068813,500.4483528936928,453.7271521494426,491.9755520010962,41.68461504214552,41.297771685215295,39.72535695874709,44.55830926265781,40.13303164169645,43.57382301278947,1130.9021861465574,1597.939588964471,DESIGN_SIZING_SENSITIVITY_NOT_FIXED_OPERATION
BASELINE_SPREAD,MIDDAY_BANK,summer,building,whole_building,cooling_unmet_occupied_hours,h,5,5,-9.05,-9.0,-10.75,-7.75,-10.25,-7.949999999999999,-59.409579649980984,-58.92857142857143,-64.17910447761194,-52.54237288135594,-63.840796019900495,-54.75123018042647,15.0,6.0,DESIGN_SIZING_SENSITIVITY_NOT_FIXED_OPERATION
BASELINE_SPREAD,MIDDAY_BANK,summer,building,whole_building,heating_unmet_occupied_hours,h,5,0,0.0,0.0,0.0,0.0,0.0,0.0,,,,,,,0.0,0.0,DESIGN_SIZING_SENSITIVITY_NOT_FIXED_OPERATION
BASELINE_SPREAD,MIDDAY_BANK,shoulder,building,whole_building,facility_electricity_kwh,kWh,5,5,1154.3870255784946,1159.37359948839,1133.481239202767,1173.4683486542199,1136.052028500856,1170.3625004321743,1.037083849599531,1.0417048642456972,1.0182515697159125,1.0542936600783805,1.0205260693982052,1.0514687300614365,111312.91521743961,112465.82970721992,DESIGN_SIZING_SENSITIVITY_NOT_FIXED_OPERATION
BASELINE_SPREAD,MIDDAY_BANK,shoulder,building,whole_building,fan_electricity_kwh,kWh,5,5,1089.2963621771657,1093.341381923692,1069.1743898985987,1108.0164978994471,1071.655371852324,1105.03897729214,12.355394315628574,12.420565127875793,12.119873933946526,12.577860793775717,12.143043124371573,12.539066401279705,8818.073355529319,9906.012244023643,DESIGN_SIZING_SENSITIVITY_NOT_FIXED_OPERATION
BASELINE_SPREAD,MIDDAY_BANK,shoulder,building,whole_building,pump_electricity_kwh,kWh,5,5,65.09066340132453,65.13103171791795,64.30684930415907,66.03221756469827,64.39665664852521,65.80007084072815,11.689147805349984,11.689036188344756,11.542778952091002,11.887630771839719,11.55454283842326,11.83422024172495,557.1175673645706,622.1732236430774,DESIGN_SIZING_SENSITIVITY_NOT_FIXED_OPERATION
BASELINE_SPREAD,MIDDAY_BANK,shoulder,building,whole_building,district_cooling_kwh_boundary,kWh,5,5,5485.986037992696,5514.156948049771,5371.828428246648,5581.982335320434,5389.605840934071,5567.46560854483,9.092134843541354,9.135610925062384,8.898010036193382,9.257589722595107,8.921837733482764,9.239307535332687,60358.92939488463,65873.0863429344,DESIGN_SIZING_SENSITIVITY_NOT_FIXED_OPERATION
BASELINE_SPREAD,MIDDAY_BANK,shoulder,building,whole_building,district_heating_kwh_boundary,kWh,5,5,9363.27800057064,9269.804353004576,9188.485381164879,9725.156335089974,9218.521768428633,9582.840834761788,25.8866077475635,25.66293755263751,25.281131779782346,27.082737266896935,25.39733945158844,26.583474831819412,36250.31628876576,45533.71494289293,DESIGN_SIZING_SENSITIVITY_NOT_FIXED_OPERATION
BASELINE_SPREAD,MIDDAY_BANK,shoulder,building,whole_building,peak_hvac_electric_kw,kW,5,5,384.8139561429405,382.0621640856234,381.5245394631896,395.4833542669151,381.6398038939418,390.56482150371073,79.29054198695711,79.06930385512078,77.59309080658673,82.40121265459454,77.7723409847593,81.17988213934288,484.621722560022,870.4002359043294,DESIGN_SIZING_SENSITIVITY_NOT_FIXED_OPERATION
BASELINE_SPREAD,MIDDAY_BANK,shoulder,building,whole_building,cooling_unmet_occupied_hours,h,5,5,0.85,1.0,-0.5,1.75,5.551115123125783e-17,1.5500000000000003,26.05322128851541,28.57142857142857,-10.0,58.333333333333336,1.0588235294117654,49.28571428571429,3.5,4.75,DESIGN_SIZING_SENSITIVITY_NOT_FIXED_OPERATION
BASELINE_SPREAD,MIDDAY_BANK,shoulder,building,whole_building,heating_unmet_occupied_hours,h,5,0,0.0,0.0,0.0,0.0,0.0,0.0,,,,,,,0.0,0.0,DESIGN_SIZING_SENSITIVITY_NOT_FIXED_OPERATION
BASELINE_SPREAD,EVENING_BANK,winter,building,whole_building,facility_electricity_kwh,kWh,5,5,118.09557758646842,115.2355674564642,106.23071599325885,129.656273136683,108.50295934845016,128.77136666788937,1.2434189783980671,1.2134937040192852,1.1184352534021131,1.364938024418741,1.1424254455386873,1.3556896852139033,9497.866714300886,9611.417300809144,DESIGN_SIZING_SENSITIVITY_NOT_FIXED_OPERATION
BASELINE_SPREAD,EVENING_BANK,winter,building,whole_building,fan_electricity_kwh,kWh,5,5,54.90920674394438,53.047256601223125,42.97026539844319,67.64663483793538,45.24778406123532,65.4751068334399,0.7332768226549721,0.7085540356855011,0.5737959792358192,0.903250314433787,0.604272027595935,0.87426926217373,7488.770739674917,7539.739016094452,DESIGN_SIZING_SENSITIVITY_NOT_FIXED_OPERATION
BASELINE_SPREAD,EVENING_BANK,winter,building,whole_building,pump_electricity_kwh,kWh,5,5,63.18637084252432,63.24726232581338,62.009638298748996,65.22619213800272,62.081107321345826,64.4398955207278,4.695824881763258,4.699062821919641,4.607277728711745,4.849407300830788,4.613032503463132,4.790329137204034,1345.5824979742285,1408.7374183696857,DESIGN_SIZING_SENSITIVITY_NOT_FIXED_OPERATION
BASELINE_SPREAD,EVENING_BANK,winter,building,whole_building,district_cooling_kwh_boundary,kWh,5,5,0.7731069397503006,0.7835049172340689,0.6386866630709847,0.8724394211534445,0.6946731471068461,0.8403639823450134,0.4130412826701398,0.4181730055125131,0.34017397597224347,0.46610438859025033,0.3706988178121995,0.44937021823557366,187.1768304503996,188.04926987155304,DESIGN_SIZING_SENSITIVITY_NOT_FIXED_OPERATION
BASELINE_SPREAD,EVENING_BANK,winter,building,whole_building,district_heating_kwh_boundary,kWh,5,5,8021.491127796052,8052.896575021499,7735.933206818299,8267.573490482115,7804.144082404766,8218.38088263882,2.203068402283068,2.211902940243328,2.124679910171292,2.270356132931118,2.1434228520421574,2.2569599850471302,364098.75999602344,372123.8704187297,DESIGN_SIZING_SENSITIVITY_NOT_FIXED_OPERATION
BASELINE_SPREAD,EVENING_BANK,winter,building,whole_building,peak_hvac_electric_kw,kW,5,5,2.186282707660496,2.130692336245204,1.746167584907937,2.669714690294427,1.83298796867183,2.570476967191553,0.5767476987353215,0.5622768033478147,0.4600161704019488,0.7042315709663485,0.48316829761725344,0.678265926787923,379.07546935304566,381.2037641654547,DESIGN_SIZING_SENSITIVITY_NOT_FIXED_OPERATION
BASELINE_SPREAD,EVENING_BANK,winter,building,whole_building,cooling_unmet_occupied_hours,h,5,0,2.4,2.25,1.75,3.0,1.9500000000000002,2.9,,,,,,,0.0,2.25,DESIGN_SIZING_SENSITIVITY_NOT_FIXED_OPERATION
BASELINE_SPREAD,EVENING_BANK,winter,building,whole_building,heating_unmet_occupied_hours,h,5,1,0.15,0.0,0.0,0.5,0.0,0.4,0.0,0.0,0.0,0.0,0.0,0.0,0.0,0.25,DESIGN_SIZING_SENSITIVITY_NOT_FIXED_OPERATION
BASELINE_SPREAD,EVENING_BANK,summer,building,whole_building,facility_electricity_kwh,kWh,5,5,-283.9493941108929,-283.8254113116127,-318.11821096754284,-237.72382156198728,-314.9486891874752,-250.58834101557147,-0.17020345904729045,-0.17011542095452523,-0.19067322609171625,-0.14253010480893918,-0.18877072273702478,-0.15023069315587717,166839.47583418133,166550.77456665903,DESIGN_SIZING_SENSITIVITY_NOT_FIXED_OPERATION
BASELINE_SPREAD,EVENING_BANK,summer,building,whole_building,fan_electricity_kwh,kWh,5,5,-203.3964130312761,-199.04597936627397,-234.45553773000938,-165.19551899169346,-231.13302548429567,-175.97162017608753,-1.4878270469306636,-1.4546939394276792,-1.7139075277276352,-1.2117488994591212,-1.68935105959754,-1.2895567439300666,13679.590872726933,13467.622226122867,DESIGN_SIZING_SENSITIVITY_NOT_FIXED_OPERATION
BASELINE_SPREAD,EVENING_BANK,summer,building,whole_building,pump_electricity_kwh,kWh,5,5,-80.55298107961171,-83.66267323751435,-84.77943194531872,-72.52830257027199,-84.48571892784747,-74.61672083948834,-1.7555938322550886,-1.8229601625966245,-1.8473147459168997,-1.581797890718362,-1.8408046508500235,-1.6270214759485566,4589.333362530982,4505.978660733367,DESIGN_SIZING_SENSITIVITY_NOT_FIXED_OPERATION
BASELINE_SPREAD,EVENING_BANK,summer,building,whole_building,district_cooling_kwh_boundary,kWh,5,5,-264.3378216010984,-187.90940186963417,-594.3709083046997,-99.44832183269318,-469.2600162043935,-123.01571227742824,-0.04808938040074163,-0.03418083881006376,-0.10811984654623477,-0.0180874125172568,-0.08536718768206389,-0.022380689408092177,549733.3998254722,549333.2186470252,DESIGN_SIZING_SENSITIVITY_NOT_FIXED_OPERATION
BASELINE_SPREAD,EVENING_BANK,summer,building,whole_building,district_heating_kwh_boundary,kWh,5,5,-13.098338681933,-19.458981396834815,-24.138036767220683,1.7868728931949818,-23.29627781950476,0.41296023956754235,-1.2963537309707367,-1.9301143603804736,-2.3848766029869,0.18033656018547356,-2.3033384549755245,0.041768728625954946,1008.1776394326689,988.7186580358341,DESIGN_SIZING_SENSITIVITY_NOT_FIXED_OPERATION
BASELINE_SPREAD,EVENING_BANK,summer,building,whole_building,peak_hvac_electric_kw,kW,5,5,338.3035737391457,338.8853532238618,325.2063666569877,354.88089489894105,327.6908396183957,349.37961888153666,29.919858815994893,30.164209516456108,28.56499908644316,31.410742867070113,28.853432411862684,30.915749804247312,1130.9021861465574,1463.6848440161184,DESIGN_SIZING_SENSITIVITY_NOT_FIXED_OPERATION
BASELINE_SPREAD,EVENING_BANK,summer,building,whole_building,cooling_unmet_occupied_hours,h,5,5,-8.65,-9.25,-10.75,-5.25,-10.350000000000001,-6.449999999999999,-56.9381016109797,-62.71186440677966,-65.0,-33.87096774193548,-64.67164179104478,-43.89400921658986,15.0,5.75,DESIGN_SIZING_SENSITIVITY_NOT_FIXED_OPERATION
BASELINE_SPREAD,EVENING_BANK,summer,building,whole_building,heating_unmet_occupied_hours,h,5,0,0.0,0.0,0.0,0.0,0.0,0.0,,,,,,,0.0,0.0,DESIGN_SIZING_SENSITIVITY_NOT_FIXED_OPERATION
BASELINE_SPREAD,EVENING_BANK,shoulder,building,whole_building,facility_electricity_kwh,kWh,5,5,1035.8624290618377,1038.503303172809,1016.002746900529,1059.572913265074,1017.4524128721357,1053.9862560155366,0.9306034617097337,0.9329584991500651,0.9127159374907606,0.9519651775246287,0.9139869743672804,0.9469727723952387,111312.91521743961,112345.54840660148,DESIGN_SIZING_SENSITIVITY_NOT_FIXED_OPERATION
BASELINE_SPREAD,EVENING_BANK,shoulder,building,whole_building,fan_electricity_kwh,kWh,5,5,976.5183427881439,978.9396183615681,957.6133697294172,999.9599806474198,959.0391357960092,993.9363725110186,11.076248442114267,11.101513662819896,10.855248150568771,11.35123661044197,10.866981843193287,11.286206528109433,8818.073355529319,9791.813184136628,DESIGN_SIZING_SENSITIVITY_NOT_FIXED_OPERATION
BASELINE_SPREAD,EVENING_BANK,shoulder,building,whole_building,pump_electricity_kwh,kWh,5,5,59.34408627369694,59.56368481124639,58.38937717111912,60.7053098348199,58.41327707612918,60.26835894795394,10.657227307517703,10.689867009711124,10.480620355830542,10.928639622005807,10.480964739117482,10.83939506760074,557.1175673645706,616.1752670707073,DESIGN_SIZING_SENSITIVITY_NOT_FIXED_OPERATION
BASELINE_SPREAD,EVENING_BANK,shoulder,building,whole_building,district_cooling_kwh_boundary,kWh,5,5,5806.727693110554,5854.652362777837,5678.807122153128,5911.257335064096,5681.726788159858,5907.880544393561,9.62376968886243,9.699728642426871,9.403838698461996,9.80510031646402,9.404901629765298,9.804534093974016,60358.92939488463,66151.9061535577,DESIGN_SIZING_SENSITIVITY_NOT_FIXED_OPERATION
BASELINE_SPREAD,EVENING_BANK,shoulder,building,whole_building,district_heating_kwh_boundary,kWh,5,5,7177.208632162923,7133.170386915859,6937.941152976986,7556.39546293515,7006.279992328535,7393.736440413397,19.843504940624925,19.693515991021787,19.089000775724134,21.04314480467952,19.32441635406162,20.51161624686025,36250.31628876576,43383.48667568162,DESIGN_SIZING_SENSITIVITY_NOT_FIXED_OPERATION
BASELINE_SPREAD,EVENING_BANK,shoulder,building,whole_building,peak_hvac_electric_kw,kW,5,5,269.22123516671525,270.4383434287305,258.0385489421002,284.5111703721899,258.3747697777939,280.4023070470024,55.48096949298116,56.16549598643053,52.61016609934322,58.70788640452497,52.67891429289935,58.080436799264405,484.621722560022,751.9409789508451,DESIGN_SIZING_SENSITIVITY_NOT_FIXED_OPERATION
BASELINE_SPREAD,EVENING_BANK,shoulder,building,whole_building,cooling_unmet_occupied_hours,h,5,5,0.95,1.25,-0.25,2.0,0.05000000000000002,1.7000000000000002,28.971988795518207,35.714285714285715,-5.0,66.66666666666666,1.7058823529411766,54.285714285714285,3.5,4.75,DESIGN_SIZING_SENSITIVITY_NOT_FIXED_OPERATION
BASELINE_SPREAD,EVENING_BANK,shoulder,building,whole_building,heating_unmet_occupied_hours,h,5,0,0.0,0.0,0.0,0.0,0.0,0.0,,,,,,,0.0,0.0,DESIGN_SIZING_SENSITIVITY_NOT_FIXED_OPERATION
BASELINE_SPREAD,DOUBLE_BANK,winter,building,whole_building,facility_electricity_kwh,kWh,5,5,33.8285515840922,33.66646211119951,32.571614357217186,35.47545816461934,32.942167421297924,34.85776540677398,0.3561789573104151,0.3544526432908678,0.34299695679599845,0.3735097494177733,0.34688988025654655,0.3669883182906909,9497.866714300886,9531.821645446209,DESIGN_SIZING_SENSITIVITY_NOT_FIXED_OPERATION
BASELINE_SPREAD,DOUBLE_BANK,winter,building,whole_building,fan_electricity_kwh,kWh,5,5,0.6213635614411033,0.5998668940928837,0.4475888562055843,0.7738240334347211,0.4753755316736715,0.7716874114994425,0.008298237232611676,0.008010053512471072,0.005976421089878596,0.010335653137853345,0.006347617236391849,0.010307250669389464,7488.770739674917,7489.287795219793,DESIGN_SIZING_SENSITIVITY_NOT_FIXED_OPERATION
BASELINE_SPREAD,DOUBLE_BANK,winter,building,whole_building,pump_electricity_kwh,kWh,5,5,33.207188022651465,33.14940656632393,31.803131878622253,34.875591270526456,32.17154832076672,34.31880972783638,2.467862776230129,2.4637661855442925,2.3635215177443074,2.5929146158072855,2.3906321248693545,2.550874180083505,1345.5824979742285,1378.6789882885353,DESIGN_SIZING_SENSITIVITY_NOT_FIXED_OPERATION
BASELINE_SPREAD,DOUBLE_BANK,winter,building,whole_building,district_cooling_kwh_boundary,kWh,5,5,0.17732233194018363,0.19602536267862547,0.09686038005435194,0.2047370036362679,0.1344559547374274,0.20209804080961363,0.09475847356884458,0.10462284698528862,0.0515892729602989,0.10950978944755066,0.0717383802094535,0.10814924061569015,187.1768304503996,187.36767976716163,DESIGN_SIZING_SENSITIVITY_NOT_FIXED_OPERATION
BASELINE_SPREAD,DOUBLE_BANK,winter,building,whole_building,district_heating_kwh_boundary,kWh,5,5,1575.2866930917603,1520.0317086215946,1508.9126318652416,1701.0730059613707,1509.813801093772,1674.7440292064334,0.43264523758721224,0.4174820758961838,0.41445562548828774,0.4671900055131192,0.4146904806468137,0.45993629036941863,364098.75999602344,365615.1142001593,DESIGN_SIZING_SENSITIVITY_NOT_FIXED_OPERATION
BASELINE_SPREAD,DOUBLE_BANK,winter,building,whole_building,peak_hvac_electric_kw,kW,5,5,2.3246507635528473,2.350920903702729,1.8798996858252508,2.6434303297683073,2.0299923732312095,2.5836067955121056,0.6132567192419265,0.6201722595542678,0.49524699787549453,0.6978761731923865,0.5350964315289846,0.6819727373467375,379.07546935304566,381.4263902567484,DESIGN_SIZING_SENSITIVITY_NOT_FIXED_OPERATION
BASELINE_SPREAD,DOUBLE_BANK,winter,building,whole_building,cooling_unmet_occupied_hours,h,5,0,0.05,0.0,0.0,0.25,0.0,0.15000000000000002,,,,,,,0.0,0.0,DESIGN_SIZING_SENSITIVITY_NOT_FIXED_OPERATION
BASELINE_SPREAD,DOUBLE_BANK,winter,building,whole_building,heating_unmet_occupied_hours,h,5,1,0.3,0.25,0.0,0.75,0.0,0.65,0.0,0.0,0.0,0.0,0.0,0.0,0.0,0.25,DESIGN_SIZING_SENSITIVITY_NOT_FIXED_OPERATION
BASELINE_SPREAD,DOUBLE_BANK,summer,building,whole_building,facility_electricity_kwh,kWh,5,5,185.29264485077002,191.14871151457191,152.2634090259089,220.84145933162654,156.97476823122707,211.77201053599128,0.11106995396966099,0.11456618197760506,0.0912634184833095,0.13240808656817002,0.09408651139895659,0.12696122475961927,166839.47583418133,167009.33984755265,DESIGN_SIZING_SENSITIVITY_NOT_FIXED_OPERATION
BASELINE_SPREAD,DOUBLE_BANK,summer,building,whole_building,fan_electricity_kwh,kWh,5,5,171.96245960536143,176.34649714607986,144.27433732241298,205.33498683629296,146.94308962092728,196.36509556310483,1.2582717348447614,1.288597958804654,1.0546685106646971,1.5061815589068266,1.0740670878633407,1.4392072122186255,13679.590872726933,13838.152731950853,DESIGN_SIZING_SENSITIVITY_NOT_FIXED_OPERATION
BASELINE_SPREAD,DOUBLE_BANK,summer,building,whole_building,pump_electricity_kwh,kWh,5,5,13.330185245419306,14.802214368501154,7.989071703519585,15.50647249535723,10.031678610323434,15.406914972890082,0.2905397192660549,0.32248665760332457,0.1740771468095256,0.33818667494490595,0.21858564503412486,0.33595189480754134,4589.333362530982,4602.428951501512,DESIGN_SIZING_SENSITIVITY_NOT_FIXED_OPERATION
BASELINE_SPREAD,DOUBLE_BANK,summer,building,whole_building,district_cooling_kwh_boundary,kWh,5,5,1644.4123382883379,1697.8941254385281,1334.7875794075662,1866.2829187093303,1432.8020391038385,1817.0790869208054,0.2991638986178778,0.30899365348126306,0.24279870322325786,0.33958495432145436,0.260631213510221,0.33057585384197186,549733.3998254722,551313.2235541204,DESIGN_SIZING_SENSITIVITY_NOT_FIXED_OPERATION
BASELINE_SPREAD,DOUBLE_BANK,summer,building,whole_building,district_heating_kwh_boundary,kWh,5,5,30.56548008934458,26.81922190890782,20.611859150353894,43.787973957149006,21.386564172843826,41.89667386378278,3.0565717489827007,2.65473894578055,2.04446700106866,4.419213381654721,2.1178161427431523,4.226167853454706,1008.1776394326689,1034.6424581267531,DESIGN_SIZING_SENSITIVITY_NOT_FIXED_OPERATION
BASELINE_SPREAD,DOUBLE_BANK,summer,building,whole_building,peak_hvac_electric_kw,kW,5,5,157.7404176671645,152.66025576897414,149.36886926636612,171.5745129637512,150.53284912841332,168.07256034434948,13.950956558832724,13.489994245409667,13.220737470826405,15.171472393061258,13.282699758319533,14.901657633959577,1130.9021861465574,1285.9510095465412,DESIGN_SIZING_SENSITIVITY_NOT_FIXED_OPERATION
BASELINE_SPREAD,DOUBLE_BANK,summer,building,whole_building,cooling_unmet_occupied_hours,h,5,5,-4.45,-4.75,-5.75,-2.0,-5.65,-2.9,-29.291756673944963,-32.20338983050847,-36.666666666666664,-12.903225806451612,-35.731343283582085,-19.884792626728107,15.0,10.0,DESIGN_SIZING_SENSITIVITY_NOT_FIXED_OPERATION
BASELINE_SPREAD,DOUBLE_BANK,summer,building,whole_building,heating_unmet_occupied_hours,h,5,0,0.0,0.0,0.0,0.0,0.0,0.0,,,,,,,0.0,0.0,DESIGN_SIZING_SENSITIVITY_NOT_FIXED_OPERATION
BASELINE_SPREAD,DOUBLE_BANK,shoulder,building,whole_building,facility_electricity_kwh,kWh,5,5,378.4310704070725,390.5302337400353,338.1683255298849,395.3741725744185,353.4437280976242,393.9148188413674,0.3399778308208393,0.3508940037115946,0.30376422758446775,0.35522090048870447,0.31750136303278453,0.35389372273889075,111312.91521743961,111689.27204938885,DESIGN_SIZING_SENSITIVITY_NOT_FIXED_OPERATION
BASELINE_SPREAD,DOUBLE_BANK,shoulder,building,whole_building,fan_electricity_kwh,kWh,5,5,357.45580787726215,368.5998536322277,319.2432824575844,373.6879042020246,333.546870245588,372.5110413879669,4.05461106388635,4.187364133340832,3.615179067239412,4.241989580734027,3.7794467406171774,4.2262634634138765,8818.073355529319,9173.075607456913,DESIGN_SIZING_SENSITIVITY_NOT_FIXED_OPERATION
BASELINE_SPREAD,DOUBLE_BANK,shoulder,building,whole_building,pump_electricity_kwh,kWh,5,5,20.975262529808152,21.354580021630113,18.925043072297512,21.93038010780208,19.747042273343414,21.832735413640762,3.766932455288179,3.8324966160649327,3.393763016426808,3.948076727125148,3.542585544173118,3.926648668687658,557.1175673645706,578.0976084394829,DESIGN_SIZING_SENSITIVITY_NOT_FIXED_OPERATION
BASELINE_SPREAD,DOUBLE_BANK,shoulder,building,whole_building,district_cooling_kwh_boundary,kWh,5,5,1689.3165160081758,1742.0514954481478,1454.5662842150632,1818.873172362597,1545.4607231715636,1791.0396019810605,2.7999562378923026,2.893702179764709,2.405601658175765,3.01655945426802,2.557670185551844,2.9691936408156345,60358.92939488463,62052.92363676671,DESIGN_SIZING_SENSITIVITY_NOT_FIXED_OPERATION
BASELINE_SPREAD,DOUBLE_BANK,shoulder,building,whole_building,district_heating_kwh_boundary,kWh,5,5,3538.239781136958,3561.2428493021143,3341.777608357268,3815.5196266198545,3367.351605663728,3716.0902638847665,9.783121883231733,9.835302206685475,9.218616416301199,10.62550688379018,9.279350992331182,10.321596551476365,36250.31628876576,39724.57947994928,DESIGN_SIZING_SENSITIVITY_NOT_FIXED_OPERATION
BASELINE_SPREAD,DOUBLE_BANK,shoulder,building,whole_building,peak_hvac_electric_kw,kW,5,5,80.82668653527381,82.84682188938928,56.21590799721645,100.3470798728232,65.97548542687298,93.85175646192687,16.66831398668526,16.946398131976675,11.424360813123254,20.706269488445162,13.57324214509114,19.410952635802396,484.621722560022,565.6114068676969,DESIGN_SIZING_SENSITIVITY_NOT_FIXED_OPERATION
BASELINE_SPREAD,DOUBLE_BANK,shoulder,building,whole_building,cooling_unmet_occupied_hours,h,5,5,3.0,3.0,2.0,3.5,2.4000000000000004,3.5,82.11764705882354,100.0,40.0,100.0,52.23529411764706,100.0,3.5,7.0,DESIGN_SIZING_SENSITIVITY_NOT_FIXED_OPERATION
BASELINE_SPREAD,DOUBLE_BANK,shoulder,building,whole_building,heating_unmet_occupied_hours,h,5,0,0.0,0.0,0.0,0.0,0.0,0.0,,,,,,,0.0,0.0,DESIGN_SIZING_SENSITIVITY_NOT_FIXED_OPERATION
